year,factor,days,period_start,period_end,is_partial_year,period_return,annual_ret,annual_vol,sharpe,max_drawdown
2008,beta,103,2008-08-01,2008-12-31,True,4.54,4.54,23.77,0.57,-17.54
2008,dividend_yield,224,2008-02-01,2008-12-31,True,13.8,13.8,6.74,2.19,-4.78
2008,earnings_yield,224,2008-02-01,2008-12-31,True,-2.86,-2.86,10.32,-0.26,-10.85
2008,growth,166,2008-05-05,2008-12-31,True,-1.37,-1.37,7.34,-0.25,-7.62
2008,leverage,166,2008-05-05,2008-12-31,True,11.4,11.4,8.11,2.06,-4.41
2008,liquidity,224,2008-02-01,2008-12-31,True,25.2,25.2,13.07,2.0,-6.79
2008,lowvol,224,2008-02-01,2008-12-31,True,8.41,8.41,19.14,0.57,-9.17
2008,momentum,208,2008-03-03,2008-12-31,True,-26.67,-26.67,12.97,-2.83,-31.53
2008,ps_value,224,2008-02-01,2008-12-31,True,9.38,9.38,8.8,1.19,-5.48
2008,quality,166,2008-05-05,2008-12-31,True,1.93,1.93,8.78,0.37,-7.94
2008,size,224,2008-02-01,2008-12-31,True,-20.46,-20.46,14.21,-1.74,-23.37
2008,value,224,2008-02-01,2008-12-31,True,22.7,22.7,11.54,2.05,-7.02
2009,beta,244,2009-01-05,2009-12-31,False,-18.63,-18.63,14.03,-1.45,-17.68
2009,dividend_yield,244,2009-01-05,2009-12-31,False,4.94,4.94,5.55,0.92,-4.16
2009,earnings_yield,244,2009-01-05,2009-12-31,False,8.87,8.87,7.23,1.25,-6.22
2009,growth,244,2009-01-05,2009-12-31,False,-3.42,-3.42,5.69,-0.6,-14.42
2009,leverage,244,2009-01-05,2009-12-31,False,-6.95,-6.95,6.86,-1.05,-11.73
2009,liquidity,244,2009-01-05,2009-12-31,False,34.84,34.84,8.67,3.61,-2.97
2009,lowvol,244,2009-01-05,2009-12-31,False,4.38,4.38,10.34,0.48,-7.05
2009,momentum,244,2009-01-05,2009-12-31,False,-22.18,-22.18,8.14,-3.14,-21.53
2009,ps_value,244,2009-01-05,2009-12-31,False,22.88,22.88,6.84,3.15,-4.79
2009,quality,244,2009-01-05,2009-12-31,False,-11.6,-11.6,6.73,-1.86,-14.79
2009,size,244,2009-01-05,2009-12-31,False,-31.99,-31.99,9.7,-4.05,-31.89
2009,value,244,2009-01-05,2009-12-31,False,32.68,32.68,8.18,3.61,-2.86
2010,beta,242,2010-01-04,2010-12-31,False,-6.26,-6.26,9.81,-0.64,-11.33
2010,dividend_yield,242,2010-01-04,2010-12-31,False,-3.54,-3.54,6.61,-0.54,-7.1
2010,earnings_yield,242,2010-01-04,2010-12-31,False,-4.62,-4.62,9.47,-0.47,-8.99
2010,growth,242,2010-01-04,2010-12-31,False,14.78,14.78,5.13,2.83,-2.06
2010,leverage,242,2010-01-04,2010-12-31,False,6.4,6.4,10.25,0.68,-12.3
2010,liquidity,242,2010-01-04,2010-12-31,False,10.91,10.91,10.56,1.07,-5.92
2010,lowvol,242,2010-01-04,2010-12-31,False,2.52,2.52,11.16,0.29,-10.87
2010,momentum,242,2010-01-04,2010-12-31,False,-9.15,-9.15,10.73,-0.88,-13.71
2010,ps_value,242,2010-01-04,2010-12-31,False,-2.86,-2.86,8.55,-0.31,-8.56
2010,quality,242,2010-01-04,2010-12-31,False,12.02,12.02,9.4,1.3,-6.58
2010,size,242,2010-01-04,2010-12-31,False,-20.88,-20.88,9.58,-2.5,-21.49
2010,value,242,2010-01-04,2010-12-31,False,-10.25,-10.25,8.74,-1.24,-11.7
2011,beta,244,2011-01-04,2011-12-30,False,13.63,13.63,9.23,1.48,-6.52
2011,dividend_yield,244,2011-01-04,2011-12-30,False,7.56,7.56,5.03,1.52,-4.05
2011,earnings_yield,244,2011-01-04,2011-12-30,False,10.28,10.28,6.48,1.59,-5.66
2011,growth,244,2011-01-04,2011-12-30,False,8.92,8.92,3.9,2.28,-3.81
2011,leverage,244,2011-01-04,2011-12-30,False,-6.69,-6.69,7.65,-0.9,-17.48
2011,liquidity,244,2011-01-04,2011-12-30,False,23.01,23.01,9.08,2.4,-5.08
2011,lowvol,244,2011-01-04,2011-12-30,False,16.98,16.98,9.85,1.69,-5.47
2011,momentum,244,2011-01-04,2011-12-30,False,-10.54,-10.54,7.71,-1.45,-14.24
2011,ps_value,244,2011-01-04,2011-12-30,False,9.07,9.07,5.76,1.59,-9.02
2011,quality,244,2011-01-04,2011-12-30,False,-2.33,-2.33,7.54,-0.29,-17.85
2011,size,244,2011-01-04,2011-12-30,False,-11.24,-11.24,7.84,-1.53,-19.73
2011,value,244,2011-01-04,2011-12-30,False,13.87,13.87,6.1,2.23,-5.74
2012,beta,243,2012-01-04,2012-12-31,False,-0.48,-0.48,11.24,0.01,-11.26
2012,dividend_yield,243,2012-01-04,2012-12-31,False,4.73,4.73,4.54,1.08,-5.74
2012,earnings_yield,243,2012-01-04,2012-12-31,False,11.91,11.91,6.75,1.76,-5.29
2012,growth,243,2012-01-04,2012-12-31,False,14.88,14.88,5.58,2.61,-4.37
2012,leverage,243,2012-01-04,2012-12-31,False,-6.25,-6.25,8.27,-0.77,-11.36
2012,liquidity,243,2012-01-04,2012-12-31,False,14.23,14.23,8.65,1.64,-6.76
2012,lowvol,243,2012-01-04,2012-12-31,False,-0.21,-0.21,9.38,0.02,-9.83
2012,momentum,243,2012-01-04,2012-12-31,False,-27.25,-27.25,8.23,-3.96,-28.55
2012,ps_value,243,2012-01-04,2012-12-31,False,3.9,3.9,5.86,0.71,-8.42
2012,quality,243,2012-01-04,2012-12-31,False,1.03,1.03,7.59,0.18,-9.63
2012,size,243,2012-01-04,2012-12-31,False,-11.94,-11.94,9.77,-1.3,-17.42
2012,value,243,2012-01-04,2012-12-31,False,7.77,7.77,5.53,1.43,-4.18
2013,beta,238,2013-01-04,2013-12-31,False,-9.4,-9.4,10.59,-0.93,-13.02
2013,dividend_yield,238,2013-01-04,2013-12-31,False,-7.81,-7.81,8.09,-1.02,-13.1
2013,earnings_yield,238,2013-01-04,2013-12-31,False,-7.59,-7.59,8.42,-0.95,-12.42
2013,growth,238,2013-01-04,2013-12-31,False,13.5,13.5,5.04,2.68,-3.02
2013,leverage,238,2013-01-04,2013-12-31,False,30.84,30.84,12.2,2.39,-5.48
2013,liquidity,238,2013-01-04,2013-12-31,False,13.61,13.61,12.51,1.14,-7.13
2013,lowvol,238,2013-01-04,2013-12-31,False,-3.19,-3.19,13.31,-0.19,-15.53
2013,momentum,238,2013-01-04,2013-12-31,False,-7.04,-7.04,9.78,-0.74,-13.22
2013,ps_value,238,2013-01-04,2013-12-31,False,-11.64,-11.64,8.43,-1.51,-14.51
2013,quality,238,2013-01-04,2013-12-31,False,21.31,21.31,9.44,2.21,-6.19
2013,size,238,2013-01-04,2013-12-31,False,-24.0,-24.0,8.93,-3.21,-24.88
2013,value,238,2013-01-04,2013-12-31,False,-10.15,-10.15,10.24,-1.06,-17.54
2014,beta,245,2014-01-02,2014-12-31,False,5.7,5.7,11.95,0.54,-11.13
2014,dividend_yield,245,2014-01-02,2014-12-31,False,8.96,8.96,7.44,1.22,-6.57
2014,earnings_yield,245,2014-01-02,2014-12-31,False,-0.32,-0.32,8.25,0.0,-15.42
2014,growth,245,2014-01-02,2014-12-31,False,2.43,2.43,3.44,0.74,-4.53
2014,leverage,245,2014-01-02,2014-12-31,False,-6.74,-6.74,8.57,-0.79,-16.87
2014,liquidity,245,2014-01-02,2014-12-31,False,11.72,11.72,9.23,1.28,-10.84
2014,lowvol,245,2014-01-02,2014-12-31,False,14.04,14.04,10.73,1.31,-10.47
2014,momentum,245,2014-01-02,2014-12-31,False,-4.97,-4.97,7.98,-0.62,-13.84
2014,ps_value,245,2014-01-02,2014-12-31,False,17.41,17.41,7.45,2.25,-5.48
2014,quality,245,2014-01-02,2014-12-31,False,-9.61,-9.61,6.26,-1.63,-15.91
2014,size,245,2014-01-02,2014-12-31,False,-23.62,-23.62,10.03,-2.71,-36.6
2014,value,245,2014-01-02,2014-12-31,False,24.56,24.56,9.78,2.36,-9.22
2015,beta,244,2015-01-05,2015-12-31,False,-32.72,-32.72,11.65,-3.45,-34.55
2015,chip_concentration,61,2015-05-04,2015-11-30,True,-22.84,-22.84,16.07,-6.57,-22.11
2015,dividend_yield,244,2015-01-05,2015-12-31,False,-10.62,-10.62,15.15,-0.69,-16.97
2015,earnings_yield,244,2015-01-05,2015-12-31,False,2.12,2.12,17.87,0.21,-19.07
2015,fund_breadth,224,2015-02-02,2015-12-31,True,-34.38,-34.38,12.09,-3.86,-34.46
2015,fund_breadth_change,164,2015-04-01,2015-12-31,True,-3.49,-3.49,8.51,-0.6,-10.94
2015,fund_ownership,224,2015-02-02,2015-12-31,True,-22.64,-22.64,8.09,-3.53,-22.98
2015,fund_ownership_change,164,2015-04-01,2015-12-31,True,-4.62,-4.62,7.7,-0.9,-7.91
2015,growth,244,2015-01-05,2015-12-31,False,12.33,12.33,6.89,1.78,-6.48
2015,institution_holding,61,2015-05-04,2015-11-30,True,-14.39,-14.39,11.35,-5.59,-14.52
2015,leverage,244,2015-01-05,2015-12-31,False,26.55,26.55,10.16,2.45,-6.93
2015,liquidity,244,2015-01-05,2015-12-31,False,76.17,76.17,16.35,3.66,-17.97
2015,lowvol,244,2015-01-05,2015-12-31,False,-14.98,-14.98,18.34,-0.82,-25.4
2015,momentum,244,2015-01-05,2015-12-31,False,-36.04,-36.04,13.92,-3.24,-37.4
2015,ps_value,244,2015-01-05,2015-12-31,False,-9.72,-9.72,11.34,-0.88,-15.13
2015,quality,244,2015-01-05,2015-12-31,False,25.7,25.7,11.9,2.05,-8.1
2015,size,244,2015-01-05,2015-12-31,False,-67.4,-67.4,18.08,-6.3,-68.01
2015,value,244,2015-01-05,2015-12-31,False,3.73,3.73,15.55,0.32,-15.89
2016,beta,244,2016-01-04,2016-12-30,False,1.09,1.09,5.71,0.22,-4.96
2016,chip_concentration,83,2016-04-01,2016-11-30,True,-3.52,-3.52,10.09,-1.03,-10.49
2016,dividend_yield,244,2016-01-04,2016-12-30,False,6.4,6.4,8.29,0.81,-6.05
2016,earnings_yield,244,2016-01-04,2016-12-30,False,11.14,11.14,10.14,1.13,-7.83
2016,fund_breadth,244,2016-01-04,2016-12-30,False,-16.14,-16.14,6.09,-2.95,-19.25
2016,fund_breadth_change,223,2016-01-04,2016-12-30,False,-0.17,-0.17,6.83,0.01,-8.33
2016,fund_ownership,244,2016-01-04,2016-12-30,False,-7.29,-7.29,4.95,-1.56,-11.32
2016,fund_ownership_change,223,2016-01-04,2016-12-30,False,-5.86,-5.86,5.85,-1.14,-12.84
2016,growth,244,2016-01-04,2016-12-30,False,10.88,10.88,3.77,2.85,-3.02
2016,institution_holding,83,2016-04-01,2016-11-30,True,-4.64,-4.64,8.43,-1.67,-8.19
2016,leverage,244,2016-01-04,2016-12-30,False,9.09,9.09,6.66,1.38,-4.93
2016,liquidity,244,2016-01-04,2016-12-30,False,45.82,45.82,12.65,3.14,-7.4
2016,lowvol,244,2016-01-04,2016-12-30,False,16.96,16.96,13.04,1.31,-8.35
2016,momentum,244,2016-01-04,2016-12-30,False,-17.12,-17.12,7.42,-2.58,-19.41
2016,ps_value,244,2016-01-04,2016-12-30,False,-0.35,-0.35,7.77,-0.01,-11.14
2016,quality,244,2016-01-04,2016-12-30,False,17.48,17.48,5.42,3.09,-3.9
2016,size,244,2016-01-04,2016-12-30,False,-43.63,-43.63,9.51,-6.17,-44.86
2016,value,244,2016-01-04,2016-12-30,False,12.15,12.15,10.35,1.2,-10.01
2017,beta,244,2017-01-03,2017-12-29,False,28.42,28.42,11.16,2.37,-6.73
2017,chip_concentration,81,2017-04-05,2017-11-30,True,12.68,12.68,15.81,2.43,-10.66
2017,dividend_yield,244,2017-01-03,2017-12-29,False,24.05,24.05,6.1,3.68,-3.34
2017,earnings_yield,244,2017-01-03,2017-12-29,False,45.88,45.88,8.1,4.86,-3.67
2017,fund_breadth,244,2017-01-03,2017-12-29,False,29.01,29.01,10.21,2.63,-5.0
2017,fund_breadth_change,144,2017-02-03,2017-11-30,True,1.68,1.68,4.08,0.74,-3.04
2017,fund_ownership,244,2017-01-03,2017-12-29,False,11.2,11.2,7.05,1.59,-4.28
2017,fund_ownership_change,161,2017-02-03,2017-11-30,True,1.35,1.35,4.79,0.46,-3.64
2017,growth,244,2017-01-03,2017-12-29,False,20.55,20.55,3.66,5.29,-1.48
2017,institution_holding,81,2017-04-05,2017-11-30,True,7.0,7.0,12.72,1.72,-9.21
2017,leverage,244,2017-01-03,2017-12-29,False,-14.05,-14.05,6.78,-2.27,-14.86
2017,liquidity,244,2017-01-03,2017-12-29,False,53.08,53.08,13.24,3.39,-4.13
2017,lowvol,244,2017-01-03,2017-12-29,False,29.83,29.83,13.53,2.06,-6.1
2017,momentum,244,2017-01-03,2017-12-29,False,2.28,2.28,9.4,0.29,-8.84
2017,ps_value,244,2017-01-03,2017-12-29,False,22.72,22.72,6.49,3.29,-4.11
2017,quality,244,2017-01-03,2017-12-29,False,16.6,16.6,7.51,2.15,-6.04
2017,size,244,2017-01-03,2017-12-29,False,6.77,6.77,13.22,0.58,-12.26
2017,value,244,2017-01-03,2017-12-29,False,27.73,27.73,9.12,2.82,-7.62
2018,beta,243,2018-01-02,2018-12-28,False,-4.58,-4.58,14.88,-0.25,-18.61
2018,chip_concentration,81,2018-04-02,2018-11-30,True,-2.57,-2.57,9.3,-0.83,-8.64
2018,dividend_yield,243,2018-01-02,2018-12-28,False,17.84,17.84,4.34,3.94,-2.9
2018,earnings_yield,243,2018-01-02,2018-12-28,False,11.55,11.55,7.02,1.65,-7.4
2018,fund_breadth,243,2018-01-02,2018-12-28,False,5.49,5.49,9.68,0.62,-10.38
2018,fund_breadth_change,119,2018-02-01,2018-11-30,True,-1.29,-1.29,3.27,-0.82,-1.95
2018,fund_ownership,243,2018-01-02,2018-12-28,False,5.51,5.51,8.55,0.69,-7.31
2018,fund_ownership_change,119,2018-02-01,2018-11-30,True,-1.18,-1.18,4.19,-0.58,-3.6
2018,growth,243,2018-01-02,2018-12-28,False,4.45,4.45,5.32,0.88,-8.0
2018,institution_holding,63,2018-05-02,2018-11-30,True,-0.98,-0.98,6.35,-0.59,-3.64
2018,leverage,243,2018-01-02,2018-12-28,False,4.67,4.67,6.18,0.8,-5.43
2018,liquidity,243,2018-01-02,2018-12-28,False,23.77,23.77,11.6,1.96,-7.86
2018,lowvol,243,2018-01-02,2018-12-28,False,8.55,8.55,12.65,0.74,-13.06
2018,momentum,243,2018-01-02,2018-12-28,False,-16.86,-16.86,8.76,-2.14,-18.84
2018,ps_value,243,2018-01-02,2018-12-28,False,9.7,9.7,5.02,1.94,-6.58
2018,quality,243,2018-01-02,2018-12-28,False,10.13,10.13,7.7,1.34,-11.32
2018,size,243,2018-01-02,2018-12-28,False,-12.23,-12.23,12.29,-1.04,-22.67
2018,value,243,2018-01-02,2018-12-28,False,9.29,9.29,7.85,1.21,-10.05
2019,beta,244,2019-01-02,2019-12-31,False,2.29,2.29,10.61,0.27,-9.2
2019,chip_concentration,82,2019-04-01,2019-11-29,True,-3.37,-3.37,9.68,-1.04,-9.95
2019,dividend_yield,244,2019-01-02,2019-12-31,False,9.33,9.33,4.69,1.99,-4.49
2019,earnings_yield,244,2019-01-02,2019-12-31,False,3.24,3.24,6.77,0.52,-6.34
2019,fund_breadth,244,2019-01-02,2019-12-31,False,4.21,4.21,9.79,0.48,-13.0
2019,fund_breadth_change,119,2019-02-01,2019-11-29,True,-1.38,-1.38,3.55,-0.81,-3.35
2019,fund_ownership,244,2019-01-02,2019-12-31,False,-1.96,-1.96,8.4,-0.2,-11.41
2019,fund_ownership_change,119,2019-02-01,2019-11-29,True,-4.82,-4.82,7.43,-1.37,-8.33
2019,growth,244,2019-01-02,2019-12-31,False,14.49,14.49,5.3,2.66,-6.83
2019,institution_holding,61,2019-05-06,2019-11-29,True,-2.15,-2.15,7.97,-1.09,-4.79
2019,leverage,244,2019-01-02,2019-12-31,False,5.46,5.46,3.82,1.46,-3.74
2019,liquidity,244,2019-01-02,2019-12-31,False,26.32,26.32,8.6,2.85,-9.39
2019,lowvol,244,2019-01-02,2019-12-31,False,16.14,16.14,10.31,1.55,-11.94
2019,momentum,244,2019-01-02,2019-12-31,False,-12.61,-12.61,6.63,-2.07,-12.96
2019,ps_value,244,2019-01-02,2019-12-31,False,6.9,6.9,3.75,1.86,-3.96
2019,quality,244,2019-01-02,2019-12-31,False,7.66,7.66,6.43,1.22,-9.67
2019,size,244,2019-01-02,2019-12-31,False,-5.62,-5.62,9.26,-0.6,-13.37
2019,value,244,2019-01-02,2019-12-31,False,2.34,2.34,5.72,0.45,-8.5
2020,beta,243,2020-01-02,2020-12-31,False,-3.7,-3.7,10.87,-0.31,-12.96
2020,chip_concentration,61,2020-05-06,2020-11-30,True,-2.38,-2.38,6.58,-1.48,-3.21
2020,dividend_yield,243,2020-01-02,2020-12-31,False,-1.54,-1.54,5.9,-0.24,-8.31
2020,earnings_yield,243,2020-01-02,2020-12-31,False,4.91,4.91,6.61,0.78,-4.49
2020,fund_breadth,243,2020-01-02,2020-12-31,False,14.52,14.52,10.32,1.41,-8.63
2020,fund_breadth_change,159,2020-02-03,2020-11-30,True,1.2,1.2,4.9,0.41,-4.39
2020,fund_ownership,243,2020-01-02,2020-12-31,False,12.93,12.93,10.1,1.3,-6.21
2020,fund_ownership_change,159,2020-02-03,2020-11-30,True,4.6,4.6,5.84,1.25,-3.54
2020,growth,243,2020-01-02,2020-12-31,False,20.96,20.96,6.95,2.88,-8.53
2020,institution_holding,61,2020-05-06,2020-11-30,True,2.34,2.34,7.42,1.32,-4.68
2020,leverage,243,2020-01-02,2020-12-31,False,-0.73,-0.73,4.87,-0.13,-9.95
2020,liquidity,243,2020-01-02,2020-12-31,False,12.54,12.54,11.7,1.1,-7.26
2020,lowvol,243,2020-01-02,2020-12-31,False,5.9,5.9,12.43,0.54,-10.09
2020,momentum,243,2020-01-02,2020-12-31,False,3.61,3.61,11.48,0.38,-13.43
2020,ps_value,243,2020-01-02,2020-12-31,False,2.54,2.54,5.5,0.5,-5.71
2020,quality,243,2020-01-02,2020-12-31,False,12.16,12.16,7.26,1.67,-7.49
2020,size,243,2020-01-02,2020-12-31,False,7.57,7.57,11.9,0.69,-14.91
2020,value,243,2020-01-02,2020-12-31,False,-3.16,-3.16,9.36,-0.31,-11.51
2021,beta,243,2021-01-04,2021-12-31,False,-4.56,-4.56,10.13,-0.43,-14.81
2021,chip_concentration,81,2021-04-01,2021-11-30,True,-3.11,-3.11,9.5,-0.99,-6.45
2021,dividend_yield,243,2021-01-04,2021-12-31,False,2.69,2.69,6.54,0.45,-8.03
2021,earnings_yield,243,2021-01-04,2021-12-31,False,-0.07,-0.07,7.23,0.03,-12.48
2021,fund_breadth,243,2021-01-04,2021-12-31,False,-6.05,-6.05,13.01,-0.43,-20.93
2021,fund_breadth_change,134,2021-02-01,2021-11-30,True,-1.78,-1.78,6.53,-0.48,-5.26
2021,fund_ownership,243,2021-01-04,2021-12-31,False,-3.37,-3.37,11.31,-0.26,-16.77
2021,fund_ownership_change,134,2021-02-01,2021-11-30,True,-0.16,-0.16,4.26,-0.05,-3.1
2021,growth,243,2021-01-04,2021-12-31,False,-0.82,-0.82,8.16,-0.06,-9.87
2021,institution_holding,81,2021-04-01,2021-11-30,True,-2.5,-2.5,8.32,-0.91,-6.97
2021,leverage,243,2021-01-04,2021-12-31,False,-7.79,-7.79,5.58,-1.48,-10.34
2021,liquidity,243,2021-01-04,2021-12-31,False,22.99,22.99,9.8,2.24,-4.67
2021,lowvol,243,2021-01-04,2021-12-31,False,18.45,18.45,12.7,1.45,-10.19
2021,momentum,243,2021-01-04,2021-12-31,False,-10.39,-10.39,14.27,-0.73,-18.96
2021,ps_value,243,2021-01-04,2021-12-31,False,4.05,4.05,6.58,0.66,-6.01
2021,quality,243,2021-01-04,2021-12-31,False,-7.45,-7.45,7.8,-0.99,-15.85
2021,size,243,2021-01-04,2021-12-31,False,-21.0,-21.0,16.37,-1.41,-33.98
2021,value,243,2021-01-04,2021-12-31,False,12.7,12.7,11.16,1.17,-8.34
2022,beta,242,2022-01-04,2022-12-30,False,-4.33,-4.33,9.94,-0.41,-15.51
2022,chip_concentration,81,2022-04-01,2022-11-30,True,7.92,7.92,7.98,3.01,-2.06
2022,dividend_yield,242,2022-01-04,2022-12-30,False,5.79,5.79,6.47,0.94,-8.07
2022,earnings_yield,242,2022-01-04,2022-12-30,False,1.45,1.45,7.36,0.24,-9.51
2022,fund_breadth,242,2022-01-04,2022-12-30,False,-7.22,-7.22,12.4,-0.57,-11.22
2022,fund_breadth_change,136,2022-02-07,2022-11-30,True,-9.52,-9.52,6.4,-2.86,-9.45
2022,fund_ownership,242,2022-01-04,2022-12-30,False,-1.09,-1.09,10.56,-0.06,-8.99
2022,fund_ownership_change,136,2022-02-07,2022-11-30,True,-6.5,-6.5,5.07,-2.43,-6.88
2022,growth,242,2022-01-04,2022-12-30,False,-4.61,-4.61,7.09,-0.66,-8.53
2022,institution_holding,81,2022-04-01,2022-11-30,True,12.21,12.21,9.0,4.03,-2.38
2022,leverage,242,2022-01-04,2022-12-30,False,-8.41,-8.41,5.11,-1.76,-9.75
2022,liquidity,242,2022-01-04,2022-12-30,False,24.02,24.02,9.31,2.45,-6.97
2022,lowvol,242,2022-01-04,2022-12-30,False,20.76,20.76,10.91,1.86,-5.94
2022,momentum,242,2022-01-04,2022-12-30,False,-13.48,-13.48,9.53,-1.53,-15.97
2022,ps_value,242,2022-01-04,2022-12-30,False,9.37,9.37,5.35,1.77,-2.87
2022,quality,242,2022-01-04,2022-12-30,False,-12.19,-12.19,5.83,-2.29,-11.79
2022,size,242,2022-01-04,2022-12-30,False,-19.16,-19.16,14.35,-1.47,-18.77
2022,value,242,2022-01-04,2022-12-30,False,15.38,15.38,9.95,1.55,-7.6
2023,beta,242,2023-01-03,2023-12-29,False,-5.66,-5.66,9.72,-0.58,-12.63
2023,chip_concentration,81,2023-04-03,2023-11-30,True,31.91,31.91,21.48,4.12,-5.85
2023,dividend_yield,242,2023-01-03,2023-12-29,False,11.59,11.59,5.01,2.31,-4.43
2023,earnings_yield,242,2023-01-03,2023-12-29,False,2.15,2.15,6.2,0.39,-5.89
2023,fund_breadth,242,2023-01-03,2023-12-29,False,-18.47,-18.47,7.94,-2.64,-21.66
2023,fund_breadth_change,141,2023-02-01,2023-11-30,True,2.8,2.8,4.25,1.18,-2.05
2023,fund_ownership,242,2023-01-03,2023-12-29,False,-15.48,-15.48,6.44,-2.69,-17.17
2023,fund_ownership_change,141,2023-02-01,2023-11-30,True,2.2,2.2,3.67,1.08,-1.41
2023,growth,242,2023-01-03,2023-12-29,False,-4.05,-4.05,3.83,-1.1,-7.08
2023,institution_holding,81,2023-04-03,2023-11-30,True,27.19,27.19,15.48,4.91,-4.17
2023,leverage,242,2023-01-03,2023-12-29,False,7.96,7.96,4.71,1.72,-3.85
2023,liquidity,242,2023-01-03,2023-12-29,False,11.42,11.42,7.17,1.61,-5.23
2023,lowvol,242,2023-01-03,2023-12-29,False,15.07,15.07,8.07,1.85,-6.86
2023,momentum,242,2023-01-03,2023-12-29,False,-2.07,-2.07,8.53,-0.21,-9.18
2023,ps_value,242,2023-01-03,2023-12-29,False,8.63,8.63,4.08,2.13,-2.78
2023,quality,242,2023-01-03,2023-12-29,False,-0.0,-0.0,4.45,0.02,-9.6
2023,size,242,2023-01-03,2023-12-29,False,-23.8,-23.8,9.86,-2.82,-28.07
2023,value,242,2023-01-03,2023-12-29,False,20.31,20.31,6.34,3.07,-3.78
2024,beta,242,2024-01-02,2024-12-31,False,-10.63,-10.63,27.79,-0.28,-38.28
2024,chip_concentration,80,2024-04-01,2024-11-29,True,0.2,0.2,12.48,0.11,-7.78
2024,dividend_yield,242,2024-01-02,2024-12-31,False,7.55,7.55,9.51,0.84,-11.22
2024,earnings_yield,242,2024-01-02,2024-12-31,False,9.88,9.88,15.22,0.72,-18.93
2024,fund_breadth,242,2024-01-02,2024-12-31,False,-3.73,-3.73,22.61,-0.06,-34.02
2024,fund_breadth_change,135,2024-02-01,2024-11-29,True,-1.02,-1.02,4.45,-0.41,-5.08
2024,fund_ownership,242,2024-01-02,2024-12-31,False,-0.11,-0.11,15.46,0.07,-23.04
2024,fund_ownership_change,135,2024-02-01,2024-11-29,True,1.77,1.77,4.66,0.72,-2.42
2024,growth,242,2024-01-02,2024-12-31,False,9.98,9.98,7.91,1.29,-12.5
2024,institution_holding,80,2024-04-01,2024-11-29,True,0.86,0.86,10.74,0.3,-7.28
2024,leverage,242,2024-01-02,2024-12-31,False,-2.5,-2.5,7.74,-0.3,-9.66
2024,liquidity,242,2024-01-02,2024-12-31,False,22.7,22.7,17.08,1.33,-16.84
2024,lowvol,242,2024-01-02,2024-12-31,False,17.33,17.33,17.36,1.04,-17.18
2024,momentum,242,2024-01-02,2024-12-31,False,-21.33,-21.33,15.41,-1.54,-30.05
2024,ps_value,242,2024-01-02,2024-12-31,False,16.17,16.17,5.8,2.72,-4.36
2024,quality,242,2024-01-02,2024-12-31,False,-0.34,-0.34,11.05,0.02,-22.91
2024,size,242,2024-01-02,2024-12-31,False,-6.27,-6.27,29.51,-0.08,-41.95
2024,value,242,2024-01-02,2024-12-31,False,18.14,18.14,7.96,2.22,-5.88
2025,beta,243,2025-01-02,2025-12-31,False,-18.29,-18.29,15.87,-1.24,-22.3
2025,chip_concentration,82,2025-04-01,2025-11-28,True,2.84,2.84,5.86,1.5,-2.9
2025,dividend_yield,243,2025-01-02,2025-12-31,False,-4.53,-4.53,7.58,-0.6,-8.75
2025,earnings_yield,243,2025-01-02,2025-12-31,False,-4.83,-4.83,9.5,-0.49,-9.78
2025,fund_breadth,243,2025-01-02,2025-12-31,False,-10.39,-10.39,11.75,-0.91,-15.94
2025,fund_breadth_change,138,2025-02-05,2025-11-28,True,0.51,0.51,4.41,0.23,-3.34
2025,fund_ownership,243,2025-01-02,2025-12-31,False,-7.45,-7.45,8.69,-0.88,-12.48
2025,fund_ownership_change,138,2025-02-05,2025-11-28,True,2.43,2.43,3.4,1.31,-1.19
2025,growth,243,2025-01-02,2025-12-31,False,10.44,10.44,5.69,1.84,-4.14
2025,institution_holding,82,2025-04-01,2025-11-28,True,0.99,0.99,5.73,0.56,-2.7
2025,leverage,243,2025-01-02,2025-12-31,False,5.85,5.85,4.85,1.24,-4.01
2025,liquidity,243,2025-01-02,2025-12-31,False,10.3,10.3,9.71,1.1,-4.12
2025,lowvol,243,2025-01-02,2025-12-31,False,-0.55,-0.55,13.38,0.02,-11.81
2025,momentum,243,2025-01-02,2025-12-31,False,-4.62,-4.62,9.86,-0.45,-8.55
2025,ps_value,243,2025-01-02,2025-12-31,False,-3.13,-3.13,4.29,-0.75,-6.45
2025,quality,243,2025-01-02,2025-12-31,False,-0.52,-0.52,6.97,-0.04,-8.86
2025,size,243,2025-01-02,2025-12-31,False,-19.88,-19.88,13.68,-1.61,-25.07
2025,value,243,2025-01-02,2025-12-31,False,0.03,0.03,7.21,0.04,-5.67
2026,beta,164,2026-01-05,2026-09-04,True,-10.07,-10.07,20.89,-0.68,-15.89
2026,dividend_yield,164,2026-01-05,2026-09-04,True,0.24,0.24,12.62,0.09,-10.25
2026,earnings_yield,164,2026-01-05,2026-09-04,True,0.5,0.5,14.92,0.13,-11.1
2026,fund_breadth,164,2026-01-05,2026-09-04,True,3.37,3.37,13.47,0.45,-10.19
2026,fund_breadth_change,74,2026-02-02,2026-08-31,True,4.96,4.96,9.14,1.85,-3.46
2026,fund_ownership,164,2026-01-05,2026-09-04,True,-0.03,-0.03,9.32,0.04,-6.42
2026,fund_ownership_change,74,2026-02-02,2026-08-31,True,0.65,0.65,4.41,0.52,-4.03
2026,growth,164,2026-01-05,2026-09-04,True,7.42,7.42,7.6,1.49,-5.77
2026,leverage,164,2026-01-05,2026-09-04,True,1.57,1.57,5.13,0.49,-3.76
2026,liquidity,164,2026-01-05,2026-09-04,True,9.9,9.9,18.13,0.89,-12.24
2026,liquidity_flow,144,2026-02-02,2026-09-04,True,-9.12,-9.12,6.48,-2.55,-12.56
2026,lowvol,164,2026-01-05,2026-09-04,True,0.49,0.49,22.74,0.15,-19.72
2026,momentum,164,2026-01-05,2026-09-04,True,-15.6,-15.6,19.83,-1.21,-31.77
2026,ps_value,164,2026-01-05,2026-09-04,True,1.0,1.0,9.55,0.21,-9.02
2026,quality,164,2026-01-05,2026-09-04,True,-1.14,-1.14,6.65,-0.23,-5.68
2026,size,164,2026-01-05,2026-09-04,True,-9.69,-9.69,18.03,-0.78,-19.26
2026,value,164,2026-01-05,2026-09-04,True,2.68,2.68,15.1,0.34,-14.14
