ts_code,name,benchmark,list_date,index_ts_code,matched_index_name
512810.SH,华宝中证军工ETF,中证军工指数×100%,20160822.0,399967.SZ,中证军工指数
510810.SH,汇添富中证上海国企ETF,中证上海国企指数×100%,20160829.0,950096.CSI,中证上海国企指数
512660.SH,国泰中证军工ETF,中证军工指数×100%,20160808.0,399967.SZ,中证军工指数
512880.SH,国泰中证全指证券公司ETF,中证全指证券公司指数×100%,20160808.0,399975.SZ,中证全指证券公司指数
159949.SZ,华安创业板50ETF,创业板50指数×100%,20160722.0,399673.SZ,创业板50指数
159948.SZ,南方创业板ETF,创业板指数×100%,20160531.0,399006.SZ,创业板指数
510580.SH,易方达中证500ETF,中证小盘500指数×100%,20150914.0,000905.SH,中证小盘500指数
510360.SH,广发沪深300ETF,沪深300指数×100%,20150909.0,000300.SH,沪深300指数
512330.SH,南方中证500信息技术指数ETF,中证500信息技术指数×100%,20150720.0,H30257.CSI,中证500信息技术指数
159944.SZ,广发中证全指原材料ETF,中证全指原材料指数×100%,20150706.0,000987.SH,中证全指原材料指数
159945.SZ,广发中证全指能源ETF,中证全指能源指数×100%,20150706.0,000986.SH,中证全指能源指数
159941.SZ,广发纳斯达克100ETF(QDII),纳斯达克100指数×100%,20150713.0,NDX.NASDAQ,纳斯达克100指数
512510.SH,华泰柏瑞中证500ETF,中证小盘500指数×100%,20150612.0,000905.SH,中证小盘500指数
512500.SH,华夏中证500ETF,中证小盘500指数×100%,20150529.0,000905.SH,中证小盘500指数
159940.SZ,广发中证全指金融地产ETF,中证全指金融地产指数×100%,20150417.0,000992.SH,中证全指金融地产指数
159939.SZ,广发中证全指信息技术ETF,中证全指信息技术指数×100%,20150205.0,000993.SH,中证全指信息技术指数
513600.SH,南方恒生ETF(QDII),香港恒生指数×100%,20150126.0,HSI.HI,恒生指数
513660.SH,华夏沪港通恒生ETF,香港恒生指数×100%,20150126.0,HSI.HI,恒生指数
159938.SZ,广发中证全指医药卫生ETF,中证全指医药卫生指数×100%,20150108.0,000991.SH,中证全指医药卫生指数
513030.SH,华安国际龙头(DAX)ETF(QDII),德国法兰克福DAX指数×100%,20140905.0,GDAXI.GY,德国法兰克福DAX指数
512220.SH,景顺长城中证科技传媒通信150ETF,中证科技传媒通信150指数×100%,20140819.0,H30318.CSI,中证科技传媒通信150指数
512070.SH,易方达沪深300非银行金融ETF,沪深300非银行金融指数×100%,20140718.0,H30035.CSI,沪深300非银行金融指数
512640.SH,嘉实中证金融地产ETF,中证金融地产指数×100%,20140725.0,000934.SH,中证金融地产指数
512600.SH,嘉实中证主要消费ETF,中证主要消费指数×100%,20140725.0,000932.SH,中证主要消费指数
159936.SZ,广发中证全指可选消费ETF,中证全指可选消费指数×100%,20140625.0,000989.SH,中证全指可选消费指数
159935.SZ,景顺长城中证500ETF,中证小盘500指数×100%,20140121.0,000905.SH,中证小盘500指数
513500.SH,博时标普500ETF(QDII),标普500指数×100%,20140115.0,SPX.OTH,标普500指数
512120.SH,华安中证细分医药ETF,中证细分医药产业主题指数×100%,20140106.0,000814.SH,中证细分医药产业主题指数
512010.SH,易方达沪深300医药卫生ETF,沪深300医药卫生指数×100%,20131028.0,000913.SH,沪深300医药卫生指数
159933.SZ,国投瑞银沪深300金融地产ETF,沪深300金融地产指数×100%,20131016.0,000914.SH,沪深300金融地产指数
159928.SZ,汇添富中证主要消费ETF,中证主要消费指数×100%,20130916.0,000932.SH,中证主要消费指数
159929.SZ,汇添富中证医药卫生ETF,中证医药卫生指数×100%,20130916.0,000933.SH,中证医药卫生指数
159930.SZ,汇添富中证能源ETF,中证能源指数×100%,20130916.0,000928.SH,中证能源指数
159931.SZ,汇添富中证金融地产ETF,中证金融地产指数×100%,20130916.0,000934.SH,中证金融地产指数
513100.SH,国泰纳斯达克100ETF(QDII),纳斯达克100指数×100%,20130515.0,NDX.NASDAQ,纳斯达克100指数
510510.SH,广发中证500ETF,中证小盘500指数×100%,20130524.0,000905.SH,中证小盘500指数
510630.SH,华夏上证主要消费ETF,上证主要消费行业指数×100%,20130508.0,000036.SH,上证主要消费行业指数
510650.SH,华夏上证金融地产ETF,上证金融地产行业指数×100%,20130508.0,000038.SH,上证金融地产行业指数
510660.SH,华夏上证医药卫生ETF,上证医药卫生行业指数×100%,20130508.0,000037.SH,上证医药卫生行业指数
510310.SH,易方达沪深300ETF,沪深300指数×100%,20130325.0,000300.SH,沪深300指数
159925.SZ,南方沪深300ETF,沪深300指数×100%,20130411.0,000300.SH,沪深300指数
159923.SZ,大成中证A100ETF,中证A100指数×100%,20130305.0,000903.SH,中证A100指数
159922.SZ,嘉实中证500ETF,中证小盘500指数×100%,20130315.0,000905.SH,中证小盘500指数
510500.SH,南方中证500ETF,中证小盘500指数×100%,20130315.0,000905.SH,中证小盘500指数
510330.SH,华夏沪深300ETF,沪深300指数×100%,20130116.0,000300.SH,沪深300指数
159920.SZ,华夏恒生ETF(QDII),香港恒生指数×100%,20121022.0,HSI.HI,恒生指数
510900.SH,易方达恒生中国企业ETF(QDII),恒生中国企业指数×100%,20121022.0,HSCEI.HI,恒生中国企业指数
159919.SZ,嘉实沪深300ETF,沪深300指数×100%,20120528.0,000300.SH,沪深300指数
510300.SH,华泰柏瑞沪深300ETF,沪深300指数×100%,20120528.0,000300.SH,沪深300指数
510410.SH,博时上证自然资源ETF,上证自然资源指数×100%,20120511.0,000068.SH,上证自然资源指数
159915.SZ,易方达创业板ETF,创业板指数P×100%,20111209.0,399006.SZ,创业板指数
510290.SH,南方上证380ETF,上证380指数×100%,20111108.0,000009.SH,上证380指数
159916.SZ,建信深证基本面60ETF,深证基本面60指数×100%,20111024.0,399701.SZ,深证基本面60指数
159910.SZ,嘉实深证基本面120ETF,深证基本面120指数×100%,20110927.0,399702.SZ,深证基本面120指数
159909.SZ,招商深证电子信息传媒产业(TMT)50ETF,深证电子信息传媒产业50指数(深证TMT50P)×100%,20110901.0,399610.SZ,深证电子信息传媒产业50指数
510270.SH,中银上证国有企业100ETF,上证国有企业100指数×100%,20110818.0,000056.SH,上证国有企业100指数
159907.SZ,广发国证2000ETF,国证2000指数×100%,20110810.0,399303.SZ,国证2000指数
510230.SH,国泰上证180金融ETF,上证180金融股指数×100%,20110523.0,000018.SH,上证180金融股指数
510150.SH,招商上证消费80ETF,上证消费80指数×100%,20110225.0,000069.SH,上证消费80指数
510170.SH,国联安上证大宗商品股票ETF,上证大宗商品股票指数×100%,20110125.0,000066.SH,上证大宗商品股票指数
510190.SH,华安上证50ETF,上证50指数收益率×100%,20110110.0,000016.SH,上证50指数
510160.SH,南方中证南方小康产业ETF,中证南方小康产业指数×100%,20101101.0,000901.SH,中证南方小康产业指数
510090.SH,建信上证社会责任ETF,上证社会责任指数×100%,20100809.0,000048.SH,上证社会责任指数
510030.SH,华宝上证180价值ETF,上证180价值指数×100%,20100528.0,000029.SH,上证180价值指数
161211.SZ,国投瑞银沪深300金融地产ETF联接,活期存款利率(税后)×5%+沪深300金融地产指数×95%,20100608.0,000914.SH,沪深300金融地产指数
510130.SH,易方达上证中盘ETF,上证中盘指数×100%,20100623.0,000044.SH,上证中盘指数
510020.SH,博时上证超级大盘ETF,上证超级大盘指数×100%,20100319.0,000043.SH,上证超级大盘指数
162711.SZ,广发中证500ETF联接(LOF)-A,活期存款利率(税后)×5%+中证小盘500指数×95%,20100108.0,000905.SH,中证小盘500指数
510010.SH,交银上证180公司治理ETF,上证180公司治理指数×100%,20091215.0,000021.SH,上证180公司治理指数
160119.SZ,南方中证500ETF联接(LOF)-A,活期存款利率(税后)×5%+中证小盘500指数×95%,20091111.0,000905.SH,中证小盘500指数
510060.SH,工银瑞信上证中央企业50ETF,上证中央企业50指数×100%,20091027.0,000042.SH,上证中央企业50指数
160615.SZ,鹏华沪深300ETF联接(LOF)-A,沪深300指数收益率×95%+银行活期存款利率(税后)×5%,20090508.0,000300.SH,沪深300指数
510880.SH,华泰柏瑞上证红利ETF,上海证券交易所上证红利指数×100%,20070118.0,000015.SH,上证红利指数
159902.SZ,华夏中小企业100ETF,中小企业100指数×100%,20060905.0,399005.SZ,中小企业100指数
159901.SZ,易方达深证100ETF,深证100指数(价格)×100%,20060424.0,399330.SZ,深证100指数
160706.SZ,嘉实沪深300ETF联接(LOF)-A,活期存款利率(税后)×5%+沪深300指数×95%,20051017.0,000300.SH,沪深300指数
