ts_code,api,status,rows
000001.SH,index_daily,ok,2828
000010.SH,index_daily,ok,2828
000016.SH,index_daily,ok,2828
399001.SZ,index_daily,ok,2828
000015.SH,index_daily,ok,2828
000300.SH,index_daily,ok,2828
N225.JT,,unsupported_code_suffix,0
GDAXI.GY,,unsupported_code_suffix,0
NDX.NASDAQ,,unsupported_code_suffix,0
SPX.OTH,,unsupported_code_suffix,0
XIN9.OTH,,unsupported_code_suffix,0
000901.SH,index_daily,ok,2828
399330.SZ,index_daily,ok,2828
399324.SZ,index_daily,ok,2828
399326.SZ,index_daily,ok,2828
000903.SH,index_daily,ok,2828
000905.SH,index_daily,ok,2828
000906.SH,index_daily,ok,2828
000913.SH,index_daily,ok,2828
000914.SH,index_daily,ok,2828
000018.SH,index_daily,ok,2828
000918.CSI,index_daily,ok,2828
000919.CSI,index_daily,ok,2828
000922.CSI,index_daily,ok,2828
000021.SH,index_daily,ok,2828
399005.SZ,index_daily,ok,2828
H11014.CSI,index_daily,ok,2828
000029.SH,index_daily,ok,2828
000036.SH,index_daily,ok,2828
000037.SH,index_daily,ok,2828
000038.SH,index_daily,ok,2828
000925.CSI,index_daily,ok,2828
000042.SH,index_daily,ok,2828
000043.SH,index_daily,ok,2828
931798.CSI,index_daily,ok,2341
000928.SH,index_daily,ok,2828
000932.SH,index_daily,ok,2828
000933.SH,index_daily,ok,2828
000934.SH,index_daily,ok,2828
000936.CSI,index_daily,ok,2828
000044.SH,index_daily,ok,2828
000048.SH,index_daily,ok,2828
H11052.CSI,index_daily,ok,2828
H11054.CSI,index_daily,ok,2828
931461.CSI,index_daily,ok,2828
H11057.CSI,index_daily,ok,2828
H11059.CSI,index_daily,ok,2828
399361.SZ,index_daily,ok,2828
399362.SZ,index_daily,ok,2828
000941.CSI,index_daily,ok,2828
000948.CSI,index_daily,ok,2828
000949.CSI,index_daily,ok,2828
399007.SZ,index_daily,ok,2828
399348.SZ,index_daily,ok,2828
399365.SZ,index_daily,ok,2828
CSPSADRP.OTH,,unsupported_code_suffix,0
000056.SH,index_daily,ok,2828
399372.SZ,index_daily,ok,2828
399373.SZ,index_daily,ok,2828
000066.SH,index_daily,ok,2828
000069.SH,index_daily,ok,2828
000068.SH,index_daily,ok,2828
H11146.CSI,index_daily,ok,2864
399006.SZ,index_daily,ok,2828
399701.SZ,index_daily,ok,2828
399702.SZ,index_daily,ok,2828
H11153.CSI,index_daily,ok,2864
399102.SZ,index_daily,ok,2828
399378.SZ,index_daily,ok,2828
399610.SZ,index_daily,ok,2828
000009.SH,index_daily,ok,2828
000977.CSI,index_daily,ok,2828
000982.SH,index_daily,ok,2828
000986.SH,index_daily,ok,2828
000987.SH,index_daily,ok,2828
000989.SH,index_daily,ok,2828
000991.SH,index_daily,ok,2828
000992.SH,index_daily,ok,2828
000993.SH,index_daily,ok,2828
000995.CSI,index_daily,ok,2828
399624.SZ,index_daily,ok,2828
SPSIOP.OTH,,unsupported_code_suffix,0
399389.SZ,index_daily,ok,2828
000806.CSI,index_daily,ok,2828
000807.CSI,index_daily,ok,2828
000811.CSI,index_daily,ok,2828
000812.CSI,index_daily,ok,2828
000813.CSI,index_daily,ok,2828
000814.SH,index_daily,ok,2828
000815.CSI,index_daily,ok,2828
000819.SH,index_daily,ok,2828
H00945.CSI,index_daily,ok,2828
399550.SZ,index_daily,ok,2828
931250.CSI,index_daily,ok,2205
000821.CSI,index_daily,ok,2828
000824.CSI,index_daily,ok,2828
000825.CSI,index_daily,ok,2828
000151.SH,index_daily,ok,2828
H00140.CSI,index_daily,ok,2828
000827.SH,index_daily,ok,2828
399395.SZ,index_daily,ok,2828
399396.SZ,index_daily,ok,2828
H30007.CSI,index_daily,ok,2585
H30015.CSI,index_daily,ok,2828
H30022.CSI,index_daily,ok,2828
399965.SZ,index_daily,ok,2828
931247.CSI,index_daily,ok,2097
931743.CSI,index_daily,ok,1854
931271.CSI,index_daily,ok,1854
931897.CSI,index_daily,ok,2222
399966.SZ,index_daily,ok,2828
H30035.CSI,index_daily,ok,2828
980092.SZ,index_daily,ok,2828
980080.CNI,index_daily,ok,2828
980076.SZ,index_daily,ok,2828
980081.CNI,index_daily,ok,2828
399012.SZ,index_daily,ok,2828
399667.SZ,index_daily,ok,2828
H11077.CSI,index_daily,ok,2828
H30106.CSI,index_daily,ok,2864
931574.CSI,index_daily,ok,2945
931775.CSI,index_daily,ok,2828
931009.CSI,index_daily,ok,2828
H30171.CSI,index_daily,ok,2828
H30178.CSI,index_daily,ok,2828
H30182.CSI,index_daily,ok,2828
H30184.CSI,index_daily,ok,2828
931160.CSI,index_daily,ok,2828
932217.CSI,index_daily,ok,2828
931719.CSI,index_daily,ok,2828
931892.CSI,index_daily,ok,2828
H30192.CSI,index_daily,ok,2828
931230.CSI,index_daily,ok,2341
H30198.CSI,index_daily,ok,2828
H30199.CSI,index_daily,ok,2828
H30202.CSI,index_daily,ok,2828
931008.CSI,index_daily,ok,2828
931992.CSI,index_daily,ok,2097
H30217.CSI,index_daily,ok,2828
NBI.NASDAQ,,unsupported_code_suffix,0
H30257.CSI,index_daily,ok,2828
H11098.CSI,index_daily,ok,2828
399967.SZ,index_daily,ok,2828
H30269.CSI,index_daily,ok,2828
H30270.CSI,index_daily,ok,2828
H30318.CSI,index_daily,ok,2828
399971.SZ,index_daily,ok,2828
399973.SZ,index_daily,ok,2828
399303.SZ,index_daily,ok,2828
931573.CSI,index_daily,ok,2945
931573CNY00.CSI,index_daily,ok,2945
H30352.CSI,index_daily,ok,2828
H30356.CSI,index_daily,ok,2828
399673.SZ,index_daily,ok,2828
H30366.CSI,index_daily,ok,2828
H30365.CSI,index_daily,ok,2828
399974.SZ,index_daily,ok,2828
000852.SH,index_daily,ok,2828
H30455.CSI,index_daily,ok,2979
H30463.CSI,index_daily,ok,2979
CES100.OTH,,unsupported_code_suffix,0
H30533.CSI,index_daily,ok,3024
399433.SZ,index_daily,ok,2828
399437.SZ,index_daily,ok,2828
399438.SZ,index_daily,ok,2828
399439.SZ,index_daily,ok,2828
H30590.CSI,index_daily,ok,2828
399441.SZ,index_daily,ok,2828
H30597.CSI,index_daily,ok,2828
H50069.CSI,index_daily,ok,2865
930598.CSI,index_daily,ok,2828
930601.CSI,index_daily,ok,2828
931663.CSI,index_daily,ok,2989
980027.SZ,index_daily,ok,2828
CN5075.CNI,index_daily,ok,2828
980015.SZ,index_daily,ok,2828
980028.SZ,index_daily,ok,2828
CN5082.CNI,index_daily,ok,2828
980017.SZ,index_daily,ok,2828
980034.CNI,index_daily,ok,2828
980032.SZ,index_daily,ok,2828
980030.SZ,index_daily,ok,2828
980018.SZ,index_daily,ok,2828
980016.SZ,index_daily,ok,2828
980022.SZ,index_daily,ok,2828
930604.CSI,index_daily,ok,3024
930606.CSI,index_daily,ok,2828
930608.CSI,index_daily,ok,2828
930614.CSI,index_daily,ok,2828
930625.CSI,index_daily,ok,2943
930633.CSI,index_daily,ok,2828
930632.CSI,index_daily,ok,2828
931580.CSI,index_daily,ok,2984
930641.CSI,index_daily,ok,2828
930648.CSI,index_daily,ok,2828
930651.CSI,index_daily,ok,2828
930652.CSI,index_daily,ok,2828
930653.CSI,index_daily,ok,2828
399975.SZ,index_daily,ok,2828
399976.SZ,index_daily,ok,2828
399986.SZ,index_daily,ok,2828
399987.SZ,index_daily,ok,2828
399989.SZ,index_daily,ok,2828
399994.SZ,index_daily,ok,2828
399995.SZ,index_daily,ok,2828
399998.SZ,index_daily,ok,2828
930697.CSI,index_daily,ok,2828
930707.CSI,index_daily,ok,2828
930708.CSI,index_daily,ok,2828
930662.CSI,index_daily,ok,2828
930709.CSI,index_daily,ok,2874
399808.SZ,index_daily,ok,2828
930716.CSI,index_daily,ok,2828
930712.CSI,index_daily,ok,2828
930713.CSI,index_daily,ok,2828
931575.CSI,index_daily,ok,2984
930725.CSI,index_daily,ok,2828
930726.CSI,index_daily,ok,2828
930721.CSI,index_daily,ok,2828
930743.CSI,index_daily,ok,2828
399812.SZ,index_daily,ok,2828
399814.SZ,index_daily,ok,2828
930782.CSI,index_daily,ok,2828
930781.CSI,index_daily,ok,2828
930796.CSI,index_daily,ok,3024
930821.CSI,index_daily,ok,2828
950096.CSI,index_daily,ok,2828
930840.CSI,index_daily,ok,2887
930865.CSI,index_daily,ok,2828
930850.CSI,index_daily,ok,2828
930851.CSI,index_daily,ok,2828
950105.CSI,index_daily,ok,2828
930901.CSI,index_daily,ok,2828
930902.CSI,index_daily,ok,2828
930903.CSI,index_daily,ok,2828
950109.CSI,index_daily,ok,2828
930914.CSI,index_daily,ok,2891
930910.CSI,index_daily,ok,2828
SPSIBI.OTH,,unsupported_code_suffix,0
930931.CSI,index_daily,ok,2893
000171.CSI,index_daily,ok,2828
930955.CSI,index_daily,ok,2828
930986.CSI,index_daily,ok,2828
930957.CSI,index_daily,ok,2902
930965.CSI,index_daily,ok,2902
930967.CSI,index_daily,ok,2902
930977.CSI,index_daily,ok,2902
931233.CSI,index_daily,ok,2986
930997.CSI,index_daily,ok,2828
931000.CSI,index_daily,ok,2341
931778.CSI,index_daily,ok,2828
931238.CSI,index_daily,ok,3007
931021.CSI,index_daily,ok,2828
931018.CSI,index_daily,ok,2828
931028.CSI,index_daily,ok,2904
931033.CSI,index_daily,ok,2828
SPAHLVCP.OTH,,unsupported_code_suffix,0
931039.CSI,index_daily,ok,2963
931052.CSI,index_daily,ok,2828
931066.CSI,index_daily,ok,2828
000860.SH,index_daily,ok,2828
716567.MI,,unsupported_code_suffix,0
704843.MI,,unsupported_code_suffix,0
707918.MI,,unsupported_code_suffix,0
CBC00701.OTH,,unsupported_code_suffix,0
931787.CSI,index_daily,ok,2180
931071.CSI,index_daily,ok,2828
931068.CSI,index_daily,ok,2828
930939.CSI,index_daily,ok,2828
930758.CSI,index_daily,ok,2828
930740.CSI,index_daily,ok,2828
931088.CSI,index_daily,ok,2585
931078.CSI,index_daily,ok,2828
950045.CSI,index_daily,ok,2828
399295.SZ,index_daily,ok,2828
399296.SZ,index_daily,ok,2828
CBA08201.OTH,,unsupported_code_suffix,0
CBA08301.OTH,,unsupported_code_suffix,0
990001.OTH,,unsupported_code_suffix,0
931141.CSI,index_daily,ok,2828
931139.CSI,index_daily,ok,2828
931140.CSI,index_daily,ok,2828
931865.CSI,index_daily,ok,2341
931087.CSI,index_daily,ok,2828
931151.CSI,index_daily,ok,2828
931152.CSI,index_daily,ok,2828
931079.CSI,index_daily,ok,2585
931165.CSI,index_daily,ok,2828
931166.CSI,index_daily,ok,2828
931161.CSI,index_daily,ok,2828
950041.CSI,index_daily,ok,2828
980001.SZ,index_daily,ok,2305
399293.SZ,index_daily,ok,2828
000859.CSI,index_daily,ok,2828
000861.CSI,index_daily,ok,2828
931159.CSI,index_daily,ok,2828
931187.CSI,index_daily,ok,2828
931186.CSI,index_daily,ok,2828
CBA11901.OTH,,unsupported_code_suffix,0
721812.MI,,unsupported_code_suffix,0
931268.CSI,index_daily,ok,2828
931265.CSI,index_daily,ok,2828
931380.CSI,index_daily,ok,2828
399291.SZ,index_daily,ok,2828
950049.CSI,index_daily,ok,2490
931372.CSI,index_daily,ok,2828
SPCLLHCP.OTH,,unsupported_code_suffix,0
931403.CSI,index_daily,ok,2182
931395.CSI,index_daily,ok,2979
931402.CSI,index_daily,ok,2828
931393.CSI,index_daily,ok,2828
931409.CSI,index_daily,ok,2982
931404.CSI,index_daily,ok,2982
931412.CSI,index_daily,ok,2828
931406.CSI,index_daily,ok,2585
931454.CSI,index_daily,ok,2939
399285.SZ,index_daily,ok,2828
931447.CSI,index_daily,ok,2828
931470.CSI,index_daily,ok,2982
931442.CSI,index_daily,ok,2982
931456.CSI,index_daily,ok,3024
931463.CSI,index_daily,ok,2222
931476.CSI,index_daily,ok,2222
931480.CSI,index_daily,ok,2828
931481.CSI,index_daily,ok,2980
931484.CSI,index_daily,ok,2828
931487.CSI,index_daily,ok,2980
931468.CSI,index_daily,ok,2828
931494.CSI,index_daily,ok,2828
931469.CSI,index_daily,ok,2828
931495.CSI,index_daily,ok,2828
931521.CSI,index_daily,ok,2828
000688.SH,index_daily,ok,1610
931524.CSI,index_daily,ok,2984
931552.CSI,index_daily,ok,2828
931554.CSI,index_daily,ok,2984
931526.CSI,index_daily,ok,2222
FISAULM.OTH,,unsupported_code_suffix,0
931582.CSI,index_daily,ok,2341
931586.CSI,index_daily,ok,2828
931587.CSI,index_daily,ok,2828
931588.CSI,index_daily,ok,2828
931589.CSI,index_daily,ok,2828
931590.CSI,index_daily,ok,2828
931591.CSI,index_daily,ok,2828
399276.SZ,index_daily,ok,2828
399275.SZ,index_daily,ok,2828
931596.CSI,index_daily,ok,2986
931594.CSI,index_daily,ok,2585
931637.CSI,index_daily,ok,2427
987008.CNI,index_daily,ok,2856
931695.CSI,index_daily,ok,2828
931643.CSI,index_daily,ok,1610
931696.CSI,index_daily,ok,2828
CBA21801.OTH,,unsupported_code_suffix,0
000682.SH,index_daily,ok,1610
931733.CSI,index_daily,ok,2828
931752.CSI,index_daily,ok,2465
GPCCH003.OTH,,unsupported_code_suffix,0
931755.CSI,index_daily,ok,2222
987016.CNI,index_daily,ok,2856
987018.CNI,index_daily,ok,1873
987022.CNI,index_daily,ok,2856
931790.CSI,index_daily,ok,2947
SPNCSCHN.OTH,,unsupported_code_suffix,0
987024.CNI,index_daily,ok,2856
931866.CSI,index_daily,ok,2341
000683.SH,index_daily,ok,1610
000685.SH,index_daily,ok,1610
931239.CSI,index_daily,ok,2462
932069.CSI,index_daily,ok,1946
931235.CSI,index_daily,ok,1854
000689.SH,index_daily,ok,1610
931994.CSI,index_daily,ok,2828
399264.SZ,index_daily,ok,2097
399266.SZ,index_daily,ok,2097
000690.SH,index_daily,ok,1610
932038.CSI,index_daily,ok,2341
932037.CSI,index_daily,ok,2341
932039.CSI,index_daily,ok,2341
NDXTMC.NASDAQ,,unsupported_code_suffix,0
GPCSP006.OTH,,unsupported_code_suffix,0
950243.CSI,index_daily,ok,1007
950245.CSI,index_daily,ok,1007
931241.CSI,index_daily,ok,2828
932088.CSI,index_daily,ok,1124
932087.CSI,index_daily,ok,1124
932094.CSI,index_daily,ok,1124
000692.SH,index_daily,ok,1610
000693.SH,index_daily,ok,1610
707717.MI,,unsupported_code_suffix,0
931243.CSI,index_daily,ok,2341
931132.CSI,index_daily,ok,2341
921128.CNI,index_daily,ok,1007
718711.MI,,unsupported_code_suffix,0
735577.MI,,unsupported_code_suffix,0
931248.CSI,index_daily,ok,2828
000698.SH,index_daily,ok,1610
931946.CSI,index_daily,ok,1124
750108.MI,,unsupported_code_suffix,0
931529.CSI,index_daily,ok,2341
932000.CSI,index_daily,ok,2828
932160.CSI,index_daily,ok,1007
950167.CSI,index_daily,ok,1007
931722.CSI,index_daily,ok,2465
932200.CSI,index_daily,ok,2828
932052.CSI,index_daily,ok,1610
399850.SZ,index_daily,ok,2828
931823.CSI,index_daily,ok,2341
ASIATECP.OTH,,unsupported_code_suffix,0
399750.SZ,index_daily,ok,2828
399019.SZ,index_daily,ok,2828
932066.CSI,index_daily,ok,2828
921130.CNI,index_daily,ok,882
930050.CSI,index_daily,ok,2828
950175.CSI,index_daily,ok,2828
SP5CSSUP.OTH,,unsupported_code_suffix,0
931848.CSI,index_daily,ok,2828
932315.CSI,index_daily,ok,2828
970070.SZ,index_daily,ok,1854
950162.CSI,index_daily,ok,1610
950125.CSI,index_daily,ok,1610
950180.CSI,index_daily,ok,882
000699.SH,index_daily,ok,882
950161.CSI,index_daily,ok,882
950228.CSI,index_daily,ok,1610
000510.SH,index_daily,ok,2828
950333.CSI,index_daily,ok,1610
932305.CSI,index_daily,ok,2828
932366.CSI,index_daily,ok,2828
932367.CSI,index_daily,ok,2828
932365.CSI,index_daily,ok,2828
932368.CSI,index_daily,ok,2828
EMASIAUP.OTH,,unsupported_code_suffix,0
000680.SH,index_daily,ok,1610
000681.SH,index_daily,ok,1610
FCFQCD.OTH,,unsupported_code_suffix,0
932431.CSI,index_daily,ok,2828
931855.CSI,index_daily,ok,1367
932422.CSI,index_daily,ok,2828
932456.CSI,index_daily,ok,1610
932420.CSI,index_daily,ok,1610
950580.CSI,index_daily,ok,1854
931785.CSI,index_daily,ok,2501
SPCADMCP.OTH,,unsupported_code_suffix,0
HSCEI.HI,,unsupported_code_suffix,0
HSI.HI,,unsupported_code_suffix,0
HSFML25.HI,,unsupported_code_suffix,0
HSCGSI.HI,,unsupported_code_suffix,0
HSHCI.HI,,unsupported_code_suffix,0
HSIII.HI,,unsupported_code_suffix,0
HSHYLV.HI,,unsupported_code_suffix,0
HSSCNE.HI,,unsupported_code_suffix,0
HSSCHI.HI,,unsupported_code_suffix,0
HSMCHYI.HI,,unsupported_code_suffix,0
HSSCHKY.HI,,unsupported_code_suffix,0
HSBIO.HI,,unsupported_code_suffix,0
HSSCT.HI,,unsupported_code_suffix,0
HSSSHID.HI,,unsupported_code_suffix,0
HSTECH.HI,,unsupported_code_suffix,0
HSCAUPG.HI,,unsupported_code_suffix,0
HSCSOE.HI,,unsupported_code_suffix,0
HSIDI.HI,,unsupported_code_suffix,0
HSCSSE.HI,,unsupported_code_suffix,0
HSSCSOY.HI,,unsupported_code_suffix,0
HSSCID.HI,,unsupported_code_suffix,0
HSSCPB.HI,,unsupported_code_suffix,0
HSSCITI.HI,,unsupported_code_suffix,0
HSISC.HI,,unsupported_code_suffix,0
HSSCAM.HI,,unsupported_code_suffix,0
HSSC50.HI,,unsupported_code_suffix,0
000990.CSI,index_daily,ok,2828
000046.SH,index_daily,ok,2828
000049.SH,index_daily,ok,2828
000050.SH,index_daily,ok,2828
000051.SH,index_daily,ok,2828
000061.SH,index_daily,ok,2828
000063.SH,index_daily,ok,2828
000064.SH,index_daily,ok,2828
000067.SH,index_daily,ok,2828
000028.SH,index_daily,ok,2828
000032.SH,index_daily,ok,2828
000033.SH,index_daily,ok,2828
000984.CSI,index_daily,ok,2828
000802.SH,index_daily,ok,2828
000816.CSI,index_daily,ok,2828
000939.CSI,index_daily,ok,2828
000945.CSI,index_daily,ok,2828
399364.SZ,index_daily,ok,2828
399377.SZ,index_daily,ok,2828
399337.SZ,index_daily,ok,2828
399612.SZ,index_daily,ok,2828
399703.SZ,index_daily,ok,2828
399802.SZ,index_daily,ok,2828
399634.SZ,index_daily,ok,2828
000155.SH,index_daily,ok,2828
399602.SZ,index_daily,ok,2828
000988.CSI,index_daily,ok,2828
CN5074.SZ,index_daily,empty,0
399422.SZ,index_daily,ok,2828
000135.SH,index_daily,ok,2828
930915.CSI,index_daily,ok,2891
000140.CSI,index_daily,ok,2828
CES300.OTH,,unsupported_code_suffix,0
930916.CSI,index_daily,ok,2828
SPTR500N.OTH,,unsupported_code_suffix,0
930975.CSI,index_daily,ok,2902
930846.CSI,index_daily,ok,2828
930703.CSI,index_daily,ok,2828
950102.CSI,index_daily,ok,2828
H30251.CSI,index_daily,ok,2828
950113.CSI,index_daily,ok,2828
931023.CSI,index_daily,ok,2828
DJI.UN,,unsupported_code_suffix,0
930701.CSI,index_daily,ok,2828
930838.CSI,index_daily,ok,2828
H30252.CSI,index_daily,ok,2828
H30089.CSI,index_daily,ok,2828
IMCI.SHF,,unsupported_code_suffix,0
930999.CSI,index_daily,ok,2440
H50040.CSI,index_daily,ok,2828
H01077.CSI,index_daily,ok,2828
H30020.CSI,index_daily,ok,2828
H30205.CSI,index_daily,ok,2828
BOVESPA.OTH,,unsupported_code_suffix,0
H11017.CSI,index_daily,ok,2828
CAC40.FP,,unsupported_code_suffix,0
930839.CSI,index_daily,ok,2887
H30255.CSI,index_daily,ok,2828
950082.CSI,index_daily,ok,2828
718711L.MI,,unsupported_code_suffix,0
930738.CSI,index_daily,ok,2828
HSBBAC.HI,,unsupported_code_suffix,0
931787CNY00.CSI,index_daily,ok,2180
707717L.MI,,unsupported_code_suffix,0
930938.CSI,index_daily,ok,2828
931127.CSI,index_daily,ok,3024
931163.CSI,index_daily,ok,2828
931167.CSI,index_daily,ok,2828
950047.CSI,index_daily,ok,2828
TPX.JT,,unsupported_code_suffix,0
718465.MI,,unsupported_code_suffix,0
931373.CSI,index_daily,ok,2828
931381.CSI,index_daily,ok,2828
931455.CSI,index_daily,ok,2939
399088.SZ,index_daily,ok,2828
SHAU.SGE,,unsupported_code_suffix,0
931523.CSI,index_daily,ok,2983
707918L.MI,,unsupported_code_suffix,0
931648.CSI,index_daily,ok,2222
CBC00703.OTH,,unsupported_code_suffix,0
CBA08303.OTH,,unsupported_code_suffix,0
CBA08203.OTH,,unsupported_code_suffix,0
CBA08903.OTH,,unsupported_code_suffix,0
CBA12003.OTH,,unsupported_code_suffix,0
931772.CSI,index_daily,ok,2222
746059L.MI,,unsupported_code_suffix,0
721638.MI,,unsupported_code_suffix,0
716567L.MI,,unsupported_code_suffix,0
931722CNY100.CSI,index_daily,ok,2465
