ts_code,indx_name,indx_csname,pub_party_name,pub_date,base_date,bp,adj_circle,api
000001.SH,上证综合指数,上证指数,中证指数有限公司、上海证券交易所,19910715.0,19901219.0,100.0,自动调整,index_daily
000010.SH,上证180指数,上证180,中证指数有限公司、上海证券交易所,20020701.0,20020628.0,3299.06,半年,index_daily
000016.SH,上证50指数,上证50,中证指数有限公司、上海证券交易所,20040102.0,20031231.0,1000.0,半年,index_daily
399001.SZ,深证成份指数,深证成指,深圳证券信息有限公司、深圳证券交易所,19950123.0,19940720.0,1000.0,半年,index_daily
000015.SH,上证红利指数,红利指数,中证指数有限公司、上海证券交易所,20050104.0,20041231.0,1000.0,一年,index_daily
000300.SH,沪深300指数,沪深300,中证指数有限公司、上海证券交易所,20050408.0,20041231.0,1000.0,半年,index_daily
N225.JT,日经225指数,日经225指数,东京证券交易所,19500907.0,19490513.0,176.21,,
GDAXI.GY,德国法兰克福DAX指数,德国法兰克福DAX指数,德国法兰克福证券交易所,19880101.0,19871230.0,1000.0,,
NDX.NASDAQ,纳斯达克100指数,纳斯达克100指数,美国纳斯达克证券交易所,19850201.0,19850131.0,125.0,,
SPX.OTH,标普500指数,标普500指数,标普道琼斯指数有限公司,19570304.0,19280103.0,10.0,,
XIN9.OTH,富时中国A50指数,富时中国A50指数,富时罗素,20030721.0,20010316.0,5000.0,三个月,
000901.SH,中证南方小康产业指数,小康指数,中证指数有限公司,20100402.0,20051230.0,1000.0,半年,index_daily
399330.SZ,深证100指数,深证100,深圳证券信息有限公司、深圳证券交易所,20060124.0,20021231.0,1000.0,半年,index_daily
399324.SZ,深证红利指数,深证红利,深圳证券信息有限公司、深圳证券交易所,20060124.0,20021231.0,1000.0,半年,index_daily
399326.SZ,深证成长40指数,成长40,深圳证券信息有限公司、深圳证券交易所,20060124.0,20021231.0,1000.0,半年,index_daily
000903.SH,中证A100指数,中证A100,中证指数有限公司,20060529.0,20051230.0,1000.0,半年,index_daily
000905.SH,中证小盘500指数,中证500,中证指数有限公司,20070115.0,20041231.0,1000.0,半年,index_daily
000906.SH,中证800指数,中证800,中证指数有限公司,20070115.0,20041231.0,1000.0,半年,index_daily
000913.SH,沪深300医药卫生指数,300医药,中证指数有限公司,20070702.0,20041231.0,1000.0,半年,index_daily
000914.SH,沪深300金融地产指数,300金融,中证指数有限公司,20070702.0,20041231.0,1000.0,半年,index_daily
000018.SH,上证180金融股指数,180金融,中证指数有限公司、上海证券交易所,20071210.0,20020628.0,1000.0,半年,index_daily
000918.CSI,沪深300成长指数,300成长,中证指数有限公司,20080121.0,20041231.0,1000.0,半年,index_daily
000919.CSI,沪深300价值指数,300价值,中证指数有限公司,20080121.0,20041231.0,1000.0,半年,index_daily
000922.CSI,中证红利指数,中证红利,中证指数有限公司,20080526.0,20041231.0,1000.0,一年,index_daily
000021.SH,上证180公司治理指数,180治理,中证指数有限公司、上海证券交易所,20080910.0,20070629.0,1000.0,半年,index_daily
399005.SZ,中小企业100指数,中小100,深圳证券信息有限公司、深圳证券交易所,20060124.0,20050607.0,1000.0,半年,index_daily
H11014.CSI,中证短融指数,中证短融,中证指数有限公司,20081112.0,20070131.0,100.0,一个月,index_daily
000029.SH,上证180价值指数,180价值,中证指数有限公司、上海证券交易所,20090109.0,20020628.0,1000.0,半年,index_daily
000036.SH,上证主要消费行业指数,上证消费,中证指数有限公司、上海证券交易所,20090109.0,20031231.0,1000.0,半年,index_daily
000037.SH,上证医药卫生行业指数,上证医药,中证指数有限公司、上海证券交易所,20090109.0,20031231.0,1000.0,半年,index_daily
000038.SH,上证金融地产行业指数,上证金融,中证指数有限公司、上海证券交易所,20090109.0,20031231.0,1000.0,半年,index_daily
000925.CSI,中证锐联基本面50指数,基本面50,中证指数有限公司,20090226.0,20041231.0,1000.0,一年,index_daily
000042.SH,上证中央企业50指数,上证央企,中证指数有限公司、上海证券交易所,20090330.0,20081231.0,1000.0,半年,index_daily
000043.SH,上证超级大盘指数,超大盘,中证指数有限公司、上海证券交易所,20090423.0,20031231.0,1000.0,半年,index_daily
931798.CSI,中证光伏龙头30指数,光伏龙头30,中证指数有限公司,20090616.0,20161230.0,1000.0,半年,index_daily
000928.SH,中证能源指数,800能源,中证指数有限公司,20090703.0,20041231.0,1000.0,半年,index_daily
000932.SH,中证主要消费指数,800消费,中证指数有限公司,20090703.0,20041231.0,1000.0,半年,index_daily
000933.SH,中证医药卫生指数,800医卫,中证指数有限公司,20090703.0,20041231.0,1000.0,半年,index_daily
000934.SH,中证金融地产指数,800金地,中证指数有限公司,20090703.0,20041231.0,1000.0,半年,index_daily
000936.CSI,中证通信服务指数,800通信,中证指数有限公司,20090703.0,20041231.0,1000.0,半年,index_daily
000044.SH,上证中盘指数,上证中盘,中证指数有限公司、上海证券交易所,20090703.0,20031231.0,1000.0,半年,index_daily
000048.SH,上证社会责任指数,责任指数,中证指数有限公司、上海证券交易所,20090805.0,20090630.0,1000.0,一年,index_daily
H11052.CSI,中证智能电动汽车指数,智能电车,中证指数有限公司,20090722.0,20141231.0,1000.0,半年,index_daily
H11054.CSI,中证装备产业指数,装备产业,中证指数有限公司,20090722.0,20081231.0,1000.0,半年,index_daily
931461.CSI,中证电子50指数,电子50,中证指数有限公司,20090722.0,20081231.0,1000.0,半年,index_daily
H11057.CSI,中证石化产业指数,石化产业,中证指数有限公司,20090722.0,20081231.0,1000.0,半年,index_daily
H11059.CSI,中证工业有色金属主题指数,工业有色,中证指数有限公司,20090722.0,20081231.0,1000.0,半年,index_daily
399361.SZ,国证在线消费指数,在线消费,深圳证券信息有限公司,20090803.0,20041231.0,1000.0,半年,index_daily
399362.SZ,国证民企领先100指数,民企100,深圳证券信息有限公司,20090803.0,20041231.0,1000.0,半年,index_daily
000941.CSI,中证内地新能源主题指数,新能源,中证指数有限公司,20091028.0,20081231.0,1000.0,半年,index_daily
000948.CSI,中证内地地产主题指数,内地地产,中证指数有限公司,20091028.0,20041231.0,1000.0,半年,index_daily
000949.CSI,中证农业主题指数,中证农业,中证指数有限公司,20091028.0,20041231.0,1000.0,半年,index_daily
399007.SZ,深证300指数,深证300,深圳证券信息有限公司、深圳证券交易所,20091104.0,20041231.0,1000.0,半年,index_daily
399348.SZ,深证300价值指数,深证价值,深圳证券信息有限公司、深圳证券交易所,20091104.0,20041231.0,1000.0,半年,index_daily
399365.SZ,国证粮食产业指数,国证粮食,深圳证券信息有限公司,20091104.0,20041231.0,1000.0,半年,index_daily
CSPSADRP.OTH,标普中国A股红利机会指数,标普中国A股红利机会指数,标普道琼斯指数有限公司,20080911.0,20040618.0,1000.0,半年,
000056.SH,上证国有企业100指数,上证国企,中证指数有限公司、上海证券交易所,20100104.0,20090630.0,1000.0,半年,index_daily
399372.SZ,国证大盘成长指数,大盘成长,深圳证券信息有限公司,20100104.0,20021231.0,1000.0,半年,index_daily
399373.SZ,国证大盘价值指数,大盘价值,深圳证券信息有限公司,20100104.0,20021231.0,1000.0,半年,index_daily
000066.SH,上证大宗商品股票指数,上证商品,中证指数有限公司、上海证券交易所,20100430.0,20031231.0,1000.0,半年,index_daily
000069.SH,上证消费80指数,消费80,中证指数有限公司、上海证券交易所,20100528.0,20031231.0,1000.0,半年,index_daily
000068.SH,上证自然资源指数,上证资源,中证指数有限公司、上海证券交易所,20100528.0,20031231.0,1000.0,半年,index_daily
H11146.CSI,中证港股通内地金融指数,港股通内地金融,中证指数有限公司,20100602.0,20071231.0,1000.0,半年,index_daily
399006.SZ,创业板指数,创业板指,深圳证券信息有限公司、深圳证券交易所,20100601.0,20100531.0,1000.0,半年,index_daily
399701.SZ,深证基本面60指数,深证F60,中证指数有限公司、深圳证券交易所,20100510.0,20021231.0,1000.0,一年,index_daily
399702.SZ,深证基本面120指数,深证F120,中证指数有限公司、深圳证券交易所,20100510.0,20021231.0,1000.0,一年,index_daily
H11153.CSI,中证香港内地国有企业指数,内地国有,中证指数有限公司,20100730.0,20071231.0,1000.0,半年,index_daily
399102.SZ,创业板综合指数,创业板综,深圳证券信息有限公司、深圳证券交易所,20100820.0,20100531.0,1000.0,不定期调整,index_daily
399378.SZ,国证ESG300指数,ESG300,深圳证券信息有限公司,20100920.0,20100630.0,1000.0,半年,index_daily
399610.SZ,深证电子信息传媒产业50指数,TMT50,深圳证券信息有限公司、深圳证券交易所,20101108.0,20041231.0,1000.0,半年,index_daily
000009.SH,上证380指数,上证380,中证指数有限公司、上海证券交易所,20101129.0,20031231.0,1000.0,半年,index_daily
000977.CSI,中证内地低碳经济主题指数,内地低碳,中证指数有限公司,20110121.0,20100630.0,1000.0,半年,index_daily
000982.SH,中证500等权重指数,500等权,中证指数有限公司、上海证券交易所,20110613.0,20041231.0,1000.0,半年,index_daily
000986.SH,中证全指能源指数,全指能源,中证指数有限公司,20110802.0,20041231.0,1000.0,半年,index_daily
000987.SH,中证全指原材料指数,全指材料,中证指数有限公司,20110802.0,20041231.0,1000.0,半年,index_daily
000989.SH,中证全指可选消费指数,全指可选,中证指数有限公司,20110802.0,20041231.0,1000.0,半年,index_daily
000991.SH,中证全指医药卫生指数,全指医药,中证指数有限公司,20110802.0,20041231.0,1000.0,半年,index_daily
000992.SH,中证全指金融地产指数,金融地产,中证指数有限公司,20110802.0,20041231.0,1000.0,半年,index_daily
000993.SH,中证全指信息技术指数,全指信息,中证指数有限公司,20110802.0,20041231.0,1000.0,半年,index_daily
000995.CSI,中证全指公用事业指数,全指公用,中证指数有限公司,20110802.0,20041231.0,1000.0,半年,index_daily
399624.SZ,中小创业企业400指数,中创400,深圳证券信息有限公司、深圳证券交易所,20110815.0,20100630.0,1000.0,半年,index_daily
SPSIOP.OTH,标普石油与天然气的勘探与生产精选行业指数,标普石油与天然气的勘探与生产精选行业指数,标普道琼斯指数有限公司,20060619.0,19991217.0,1000.0,三个月,
399389.SZ,国证通信指数,国证通信,深圳证券信息有限公司,20111202.0,20021231.0,1000.0,半年,index_daily
000806.CSI,中证消费服务领先指数,消费服务,中证指数有限公司、上海证券交易所,20120210.0,20041231.0,1000.0,半年,index_daily
000807.CSI,中证申万食品饮料指数,食品饮料,中证指数有限公司,20120217.0,20041231.0,1000.0,半年,index_daily
000811.CSI,中证细分有色金属产业主题指数,细分有色,中证指数有限公司,20120411.0,20041231.0,1000.0,半年,index_daily
000812.CSI,中证细分机械设备产业主题指数,细分机械,中证指数有限公司,20120411.0,20041231.0,1000.0,半年,index_daily
000813.CSI,中证细分化工产业主题指数,细分化工,中证指数有限公司,20120411.0,20041231.0,1000.0,半年,index_daily
000814.SH,中证细分医药产业主题指数,细分医药,中证指数有限公司,20120411.0,20041231.0,1000.0,半年,index_daily
000815.CSI,中证细分食品饮料产业主题指数,细分食品,中证指数有限公司,20120411.0,20041231.0,1000.0,半年,index_daily
000819.SH,中证申万有色金属指数,有色金属,中证指数有限公司,20120509.0,20041231.0,1000.0,半年,index_daily
H00945.CSI,中证内地运输主题全收益指数,内地运收,中证指数有限公司,20091028.0,20041231.0,1000.0,半年,index_daily
399550.SZ,央视财经50指数,央视50,深圳证券信息有限公司、中央广播电视总台,20120606.0,20100630.0,2563.07,半年,index_daily
931250.CSI,中证港股通创新药指数,港股通创新药,中证指数有限公司,20120720.0,20171229.0,1000.0,半年,index_daily
000821.CSI,沪深300红利指数,300红利,中证指数有限公司,20120720.0,20041231.0,1000.0,半年,index_daily
000824.CSI,中证国有企业红利指数,国企红利,中证指数有限公司,20120720.0,20090630.0,1000.0,半年,index_daily
000825.CSI,中证中央企业红利指数,央企红利,中证指数有限公司,20120720.0,20081231.0,1000.0,一年,index_daily
000151.SH,上证国有企业红利指数,上国红利,中证指数有限公司、上海证券交易所,20120720.0,20090630.0,1000.0,一年,index_daily
H00140.CSI,上证5年期国债指数(全价),5年国债(全),中证指数有限公司,20120912.0,20071231.0,100.0,三个月,index_daily
000827.SH,中证环保产业指数,中证环保,中证指数有限公司、上海证券交易所,20120925.0,20111230.0,1000.0,半年,index_daily
399395.SZ,国证有色金属行业指数,国证有色,深圳证券信息有限公司,20121029.0,20041231.0,1000.0,半年,index_daily
399396.SZ,国证食品饮料行业指数,国证食品,深圳证券信息有限公司,20121029.0,20041231.0,1000.0,半年,index_daily
H30007.CSI,中证芯片产业指数,芯片产业,中证指数有限公司、上海证券交易所,20121220.0,20151231.0,1000.0,半年,index_daily
H30015.CSI,中证800汽车与零部件指数,800汽车,中证指数有限公司,20121221.0,20041231.0,1000.0,半年,index_daily
H30022.CSI,中证800银行指数,800银行,中证指数有限公司,20121221.0,20041231.0,1000.0,半年,index_daily
399965.SZ,中证800地产指数,800地产,中证指数有限公司,20121221.0,20041231.0,1000.0,半年,index_daily
931247.CSI,中证信息技术应用创新产业指数,中证信创,中证指数有限公司,20121221.0,20171229.0,1000.0,半年,index_daily
931743.CSI,中证半导体材料设备主题指数,半导体材料设备,中证指数有限公司,20121221.0,20181228.0,1000.0,半年,index_daily
931271.CSI,中证通信设备主题指数,通信设备主题,中证指数有限公司,20121221.0,20181228.0,1000.0,半年,index_daily
931897.CSI,中证绿色电力指数,绿色电力,中证指数有限公司,20121221.0,20170630.0,1000.0,半年,index_daily
399966.SZ,中证800证券保险指数,800证保,中证指数有限公司,20121221.0,20041231.0,1000.0,半年,index_daily
H30035.CSI,沪深300非银行金融指数,300非银,中证指数有限公司,20121221.0,20041231.0,1000.0,半年,index_daily
980092.SZ,国证自由现金流指数,自由现金流,深圳证券信息有限公司,20121228.0,20121231.0,1000.0,三个月,index_daily
980080.CNI,国证成长100指数,成长100,深圳证券信息有限公司,20121228.0,20121231.0,1000.0,三个月,index_daily
980076.SZ,国证通用航空产业指数,通用航空,深圳证券信息有限公司,20121228.0,20120629.0,1000.0,半年,index_daily
980081.CNI,国证价值100指数,价值100,深圳证券信息有限公司,20121228.0,20121231.0,1000.0,三个月,index_daily
399012.SZ,创业板300指数,创业300,深圳证券信息有限公司、深圳证券交易所,20130107.0,20120629.0,1000.0,半年,index_daily
399667.SZ,创业板成长指数,创业成长,深圳证券信息有限公司、深圳证券交易所,20130107.0,20120629.0,1000.0,半年,index_daily
H11077.CSI,上证10年期国债指数,10年国债,中证指数有限公司,20130307.0,20081231.0,100.0,三个月,index_daily
H30106.CSI,中证港股通金融服务指数,港股通金融服务,中证指数有限公司,20130521.0,20041231.0,1000.0,半年,index_daily
931574.CSI,中证香港科技指数,港股科技,中证指数有限公司,20130521.0,20141231.0,1000.0,半年,index_daily
931775.CSI,中证全指房地产指数,房地产,中证指数有限公司,20130715.0,20041231.0,1000.0,半年,index_daily
931009.CSI,中证全指建筑材料指数,建筑材料,中证指数有限公司,20130715.0,20041231.0,1000.0,半年,index_daily
H30171.CSI,中证全指运输指数,运输指数,中证指数有限公司,20130715.0,20041231.0,1000.0,半年,index_daily
H30178.CSI,中证全指医疗保健设备与服务指数,医疗保健,中证指数有限公司,20130715.0,20041231.0,1000.0,半年,index_daily
H30182.CSI,中证全指计算机指数,计算机,中证指数有限公司,20130715.0,20041231.0,1000.0,半年,index_daily
H30184.CSI,中证全指半导体产品与设备指数,半导体,中证指数有限公司,20130715.0,20041231.0,1000.0,半年,index_daily
931160.CSI,中证全指通信设备指数,通信设备,中证指数有限公司,20130715.0,20041231.0,1000.0,半年,index_daily
932217.CSI,中证制药指数,制药指数,中证指数有限公司,20130715.0,20111230.0,1000.0,半年,index_daily
931719.CSI,中证电池主题指数,CS电池,中证指数有限公司,20130715.0,20141231.0,1000.0,半年,index_daily
931892.CSI,中证有色金属矿业主题指数,有色矿业,中证指数有限公司,20130715.0,20131231.0,1000.0,半年,index_daily
H30192.CSI,中证全指食品指数,食品,中证指数有限公司,20130715.0,20041231.0,1000.0,半年,index_daily
931230.CSI,中证汽车零部件主题指数,汽车零部件,中证指数有限公司,20130715.0,20161230.0,1000.0,半年,index_daily
H30198.CSI,中证油气产业指数,油气产业,中证指数有限公司,20130715.0,20041231.0,1000.0,半年,index_daily
H30199.CSI,中证全指电力公用事业指数,电力指数,中证指数有限公司,20130715.0,20041231.0,1000.0,半年,index_daily
H30202.CSI,中证全指软件指数,软件指数,中证指数有限公司,20130715.0,20041231.0,1000.0,半年,index_daily
931008.CSI,中证全指汽车指数,汽车指数,中证指数有限公司,20130715.0,20041231.0,1000.0,半年,index_daily
931992.CSI,中证疫苗与生物技术指数,疫苗生物,中证指数有限公司,20130715.0,20171229.0,1000.0,三个月,index_daily
H30217.CSI,中证全指医疗器械指数,医疗器械,中证指数有限公司,20130715.0,20041231.0,1000.0,半年,index_daily
NBI.NASDAQ,纳斯达克生物技术指数,纳斯达克生物技术指数,美国纳斯达克证券交易所,19931101.0,19931101.0,,,
H30257.CSI,中证500信息技术指数,500信息,中证指数有限公司,20131106.0,20041231.0,1000.0,半年,index_daily
H11098.CSI,上证城投债指数,沪城投债,中证指数有限公司,20131115.0,20081231.0,100.0,一个月,index_daily
399967.SZ,中证军工指数,中证军工,中证指数有限公司,20131226.0,20041231.0,1000.0,半年,index_daily
H30269.CSI,中证红利低波动指数,红利低波,中证指数有限公司,20131219.0,20051230.0,1000.0,一年,index_daily
H30270.CSI,中证红利价值指数,红利价值,中证指数有限公司,20131219.0,20051230.0,1000.0,一年,index_daily
H30318.CSI,中证科技传媒通信150指数,科技传媒通信150,中证指数有限公司,20140415.0,20110630.0,1000.0,半年,index_daily
399971.SZ,中证传媒指数,中证传媒,中证指数有限公司,20140415.0,20101231.0,1000.0,半年,index_daily
399973.SZ,中证国防指数,中证国防,中证指数有限公司,20140415.0,20110630.0,1000.0,半年,index_daily
399303.SZ,国证2000指数,国证2000,深圳证券信息有限公司,20140328.0,20091231.0,3326.4448,半年,index_daily
931573.CSI,中证港股通科技指数,港股通科技,中证指数有限公司,20140521.0,20141231.0,1000.0,半年,index_daily
931573CNY00.CSI,中证港股通科技人民币指数,港股通科技CNY,中证指数有限公司,20140521.0,20141231.0,1000.0,半年,index_daily
H30352.CSI,中证500价值指数,500价值,中证指数有限公司,20140609.0,20041231.0,1000.0,半年,index_daily
H30356.CSI,中证800价值指数,800价值,中证指数有限公司,20140609.0,20041231.0,1000.0,半年,index_daily
399673.SZ,创业板50指数,创业板50,深圳证券信息有限公司、深圳证券交易所,20140618.0,20100531.0,1000.0,半年,index_daily
H30366.CSI,中证高股息策略指数,高息策略,中证指数有限公司、上海证券交易所,20140721.0,20041231.0,1000.0,一年,index_daily
H30365.CSI,中证文娱传媒指数,文娱传媒,中证指数有限公司、上海证券交易所,20140721.0,20131231.0,1000.0,半年,index_daily
399974.SZ,中证国有企业改革指数,国企改革,中证指数有限公司,20140807.0,20140331.0,1000.0,三个月,index_daily
000852.SH,中证1000指数,中证1000,中证指数有限公司,20141017.0,20041231.0,1000.0,半年,index_daily
H30455.CSI,中证沪港深500指数,沪港深500,中证指数有限公司,20141128.0,20041231.0,1000.0,半年,index_daily
H30463.CSI,中证沪港深500医药卫生指数,沪港深500医药,中证指数有限公司,20141128.0,20041231.0,1000.0,半年,index_daily
CES100.OTH,中华交易服务港股通精选100指数,中华港股通精选100,中华证券交易服务有限公司,20141215.0,20081231.0,2000.0,半年,
H30533.CSI,中证海外中国互联网50指数,中国互联网50,中证指数有限公司,20141229.0,20070629.0,1000.0,半年,index_daily
399433.SZ,国证交通运输行业指数,国证交运,深圳证券信息有限公司,20141230.0,20021231.0,1000.0,半年,index_daily
399437.SZ,国证证券龙头指数,证券龙头,深圳证券信息有限公司,20141230.0,20021231.0,1000.0,半年,index_daily
399438.SZ,国证绿色电力指数,绿色电力,深圳证券信息有限公司,20141230.0,20021231.0,1000.0,半年,index_daily
399439.SZ,国证石油天然气指数,国证油气,深圳证券信息有限公司,20141230.0,20021231.0,1000.0,半年,index_daily
H30590.CSI,中证机器人指数,机器人,中证指数有限公司,20150210.0,20101231.0,1000.0,半年,index_daily
399441.SZ,国证生物医药指数,生物医药,深圳证券信息有限公司,20150120.0,20091231.0,1000.0,半年,index_daily
H30597.CSI,中证新材料主题指数,新材料,中证指数有限公司,20150213.0,20081231.0,1000.0,半年,index_daily
H50069.CSI,上证港股通指数,港股通,中证指数有限公司、上海证券交易所,20150216.0,20141114.0,3000.0,不定期调整,index_daily
930598.CSI,中证稀土产业指数,稀土产业,中证指数有限公司,20150302.0,20111231.0,1000.0,半年,index_daily
930601.CSI,中证软件服务指数,中证软件,中证指数有限公司,20150310.0,20041231.0,1000.0,半年,index_daily
931663.CSI,中证沪港深消费龙头指数,SHS消费龙头,中证指数有限公司,20150313.0,20141231.0,1000.0,半年,index_daily
980027.SZ,国证新能源电池指数,新能源电池,深圳证券信息有限公司,20150216.0,20141231.0,1000.0,半年,index_daily
CN5075.CNI,国证信息技术创新主题指数,国证信创,深圳证券信息有限公司,20150216.0,20021231.0,1000.0,半年,index_daily
980015.SZ,国证疫苗与生物科技指数,疫苗生科,深圳证券信息有限公司,20150216.0,20021231.0,1000.0,半年,index_daily
980028.SZ,国证龙头家电指数,龙头家电,深圳证券信息有限公司,20150216.0,20021231.0,1000.0,半年,index_daily
CN5082.CNI,国证航天航空行业指数,国证航天,深圳证券信息有限公司,20150216.0,20021231.0,1000.0,半年,index_daily
980017.SZ,国证半导体芯片指数,国证芯片,深圳证券信息有限公司,20150217.0,20021231.0,1000.0,半年,index_daily
980034.CNI,国证工业软件主题指数,工业软件,深圳证券信息有限公司,20150217.0,20121231.0,1000.0,半年,index_daily
980032.SZ,国证新能源车电池指数,新能电池,深圳证券信息有限公司,20150217.0,20021231.0,1000.0,半年,index_daily
980030.SZ,国证消费电子主题指数,消费电子,深圳证券信息有限公司,20150217.0,20021231.0,1000.0,半年,index_daily
980018.SZ,国证商用卫星通信产业指数,卫星通信,深圳证券信息有限公司,20150217.0,20021231.0,1000.0,半年,index_daily
980016.SZ,国证公共卫生与医疗健康指数,医疗健康,深圳证券信息有限公司,20150217.0,20021231.0,1000.0,半年,index_daily
980022.SZ,国证机器人产业指数,机器人产业,深圳证券信息有限公司,20150225.0,20141231.0,1000.0,半年,index_daily
930604.CSI,中证海外中国互联网30指数,中国互联网30,中证指数有限公司,20150323.0,20070629.0,1000.0,半年,index_daily
930606.CSI,中证钢铁指数,中证钢铁,中证指数有限公司,20150331.0,20081231.0,1000.0,半年,index_daily
930608.CSI,中证基建指数,中证基建,中证指数有限公司,20150331.0,20041231.0,1000.0,半年,index_daily
930614.CSI,中证环保产业50指数,环保50,中证指数有限公司,20150407.0,20111230.0,1000.0,半年,index_daily
930625.CSI,中证沪港深互联网指数,SHS互联网,中证指数有限公司,20150421.0,20120629.0,1000.0,半年,index_daily
930633.CSI,中证旅游主题指数,中证旅游,中证指数有限公司,20150508.0,20081231.0,1000.0,半年,index_daily
930632.CSI,中证稀有金属主题指数,CS稀金属,中证指数有限公司,20150512.0,20111231.0,1000.0,半年,index_daily
931580.CSI,中证沪港深游戏及文化传媒指数,SHS游戏传媒,中证指数有限公司,20150513.0,20141231.0,1000.0,半年,index_daily
930641.CSI,中证中药指数,中证中药,中证指数有限公司,20150519.0,20041231.0,1000.0,半年,index_daily
930648.CSI,中证智能消费主题指数,CS智消费,中证指数有限公司,20150605.0,20120629.0,1000.0,半年,index_daily
930651.CSI,中证计算机主题指数,CS计算机,中证指数有限公司,20150605.0,20041231.0,1000.0,半年,index_daily
930652.CSI,中证电子指数,CS电子,中证指数有限公司,20150605.0,20041231.0,1000.0,半年,index_daily
930653.CSI,中证食品饮料指数,CS食品饮,中证指数有限公司,20150605.0,20041231.0,1000.0,半年,index_daily
399975.SZ,中证全指证券公司指数,证券公司,中证指数有限公司,20130715.0,20070629.0,1000.0,半年,index_daily
399976.SZ,中证新能源汽车指数,CS新能车,中证指数有限公司,20141128.0,20111231.0,1000.0,半年,index_daily
399986.SZ,中证银行指数,中证银行,中证指数有限公司,20130715.0,20041231.0,1000.0,半年,index_daily
399987.SZ,中证酒指数,中证酒,中证指数有限公司,20141210.0,20081231.0,1000.0,半年,index_daily
399989.SZ,中证医疗指数,中证医疗,中证指数有限公司,20141031.0,20041231.0,1000.0,半年,index_daily
399994.SZ,中证信息安全主题指数,信息安全,中证指数有限公司,20150312.0,20101231.0,1000.0,半年,index_daily
399995.SZ,中证基建工程指数,基建工程,中证指数有限公司,20150312.0,20041231.0,1000.0,半年,index_daily
399998.SZ,中证煤炭指数,中证煤炭,中证指数有限公司,20150213.0,20081231.0,1000.0,半年,index_daily
930697.CSI,中证全指家用电器指数,家用电器,中证指数有限公司,20150707.0,20041231.0,1000.0,半年,index_daily
930707.CSI,中证畜牧养殖指数,中证畜牧,中证指数有限公司,20150713.0,20111231.0,1000.0,半年,index_daily
930708.CSI,中证有色金属指数,中证有色,中证指数有限公司,20150713.0,20131231.0,1000.0,半年,index_daily
930662.CSI,中证现代农业主题指数,CS现代农,中证指数有限公司,20150713.0,20101231.0,1000.0,半年,index_daily
930709.CSI,中证香港证券投资主题指数,香港证券,中证指数有限公司,20150713.0,20121231.0,1000.0,半年,index_daily
399808.SZ,中证新能源指数,中证新能,中证指数有限公司,20150210.0,20111231.0,1000.0,半年,index_daily
930716.CSI,中证现代物流指数,CS物流,中证指数有限公司,20150731.0,20111230.0,1000.0,半年,index_daily
930712.CSI,中证物联网主题指数,CS物联网,中证指数有限公司,20150731.0,20120629.0,1000.0,半年,index_daily
930713.CSI,中证人工智能主题指数,CS人工智,中证指数有限公司,20150731.0,20120629.0,1000.0,半年,index_daily
931575.CSI,中证沪港深物联网主题指数,SHS物联网,中证指数有限公司,20150731.0,20121231.0,1000.0,半年,index_daily
930725.CSI,中证车联网主题指数,CS车联网,中证指数有限公司,20150805.0,20101231.0,1000.0,半年,index_daily
930726.CSI,中证生物医药指数,CS生医,中证指数有限公司,20150805.0,20120629.0,1000.0,半年,index_daily
930721.CSI,中证智能汽车主题指数,CS智汽车,中证指数有限公司,20150805.0,20120629.0,1000.0,三个月,index_daily
930743.CSI,中证生物科技主题指数,中证生科,中证指数有限公司,20150826.0,20111231.0,1000.0,半年,index_daily
399812.SZ,中证养老产业指数,养老产业,中证指数有限公司、上海证券交易所,20140606.0,20041231.0,1000.0,半年,index_daily
399814.SZ,中证大农业指数,大农业,中证指数有限公司,20140722.0,20131231.0,1000.0,半年,index_daily
930782.CSI,中证500行业中性低波动指数,500SNLV,中证指数有限公司,20160204.0,20041231.0,1000.0,半年,index_daily
930781.CSI,中证影视主题指数,中证影视,中证指数有限公司,20160204.0,20120629.0,1000.0,半年,index_daily
930796.CSI,中证全球中国互联网指数,全球中国互联网,中证指数有限公司,20160422.0,20131231.0,1000.0,半年,index_daily
930821.CSI,中证虚拟现实主题指数,中证VR,中证指数有限公司,20160511.0,20120629.0,1000.0,三个月,index_daily
950096.CSI,中证上海国企指数,上海国企,中证指数有限公司、上海证券交易所,20160511.0,20121231.0,1000.0,半年,index_daily
930840.CSI,中证港股通高股息精选人民币指数,港股通高息精选CNY,中证指数有限公司,20160608.0,20141114.0,3000.0,一年,index_daily
930865.CSI,中证5年期地方政府债指数,5年地债,中证指数有限公司,20160719.0,20130630.0,100.0,三个月,index_daily
930850.CSI,中证智能制造主题指数,智能制造,中证指数有限公司、上海证券交易所,20160720.0,20120629.0,1000.0,半年,index_daily
930851.CSI,中证云计算与大数据主题指数,云计算,中证指数有限公司、上海证券交易所,20160720.0,20120629.0,1000.0,半年,index_daily
950105.CSI,上证证券行业指数,上证证券,中证指数有限公司、上海证券交易所,20161018.0,20121231.0,1000.0,半年,index_daily
930901.CSI,中证动漫游戏指数,动漫游戏,中证指数有限公司、上海证券交易所,20161018.0,20121231.0,1000.0,半年,index_daily
930902.CSI,中证大数据产业指数,中证数据,中证指数有限公司、上海证券交易所,20161018.0,20121231.0,1000.0,半年,index_daily
930903.CSI,中证A股指数,中证A股,中证指数有限公司、上海证券交易所,20161018.0,19991231.0,1000.0,自动调整,index_daily
950109.CSI,上证10年期地方政府债指数,上证10年地债,中证指数有限公司、上海证券交易所,20161114.0,20131231.0,100.0,一个月,index_daily
930914.CSI,中证港股通高股息投资指数,港股通高股息,中证指数有限公司,20161125.0,20141114.0,3000.0,一年,index_daily
930910.CSI,中证全指农牧渔指数,农牧渔,中证指数有限公司,20161212.0,20041231.0,1000.0,半年,index_daily
SPSIBI.OTH,标普生物科技精选行业指数,标普生物科技精选行业指数,标普道琼斯指数有限公司,20060127.0,19991217.0,1000.0,,
930931.CSI,中证港股通50指数,港股通50,中证指数有限公司,20170116.0,20141114.0,3000.0,半年,index_daily
000171.CSI,中国战略新兴产业成份指数,新兴成指,中证指数有限公司、上海证券交易所,20170125.0,20101231.0,1000.0,半年,index_daily
930955.CSI,中证红利低波动100指数,红利低波100,中证指数有限公司,20170526.0,20051230.0,1000.0,三个月,index_daily
930986.CSI,中证金融科技主题指数,金融科技,中证指数有限公司,20170622.0,20140630.0,1000.0,半年,index_daily
930957.CSI,中证港股通中国100指数,港股通中国100,中证指数有限公司,20170623.0,20141114.0,3000.0,半年,index_daily
930965.CSI,中证港股通医药卫生综合指数,港股通医药C,中证指数有限公司,20170623.0,20141114.0,3000.0,半年,index_daily
930967.CSI,中证港股通信息技术综合指数,港股通信息C,中证指数有限公司,20170623.0,20141114.0,3000.0,半年,index_daily
930977.CSI,中证港股通信息技术综合人民币指数,港股通信息CCNY,中证指数有限公司,20170623.0,20141114.0,3000.0,半年,index_daily
931233.CSI,中证港股通央企红利指数,港股通央企红利,中证指数有限公司,20170628.0,20141114.0,1000.0,一年,index_daily
930997.CSI,中证新能源汽车产业指数,新能源车,中证指数有限公司,20170719.0,20141231.0,1000.0,半年,index_daily
931000.CSI,中证粤港澳大湾区发展主题指数,大湾区,中证指数有限公司,20170719.0,20161230.0,1000.0,半年,index_daily
931778.CSI,中证农牧主题指数,农牧主题,中证指数有限公司,20170721.0,20120629.0,1000.0,半年,index_daily
931238.CSI,中证沪深港黄金产业股票指数,SSH黄金股票,中证指数有限公司,20171017.0,20141231.0,1000.0,半年,index_daily
931021.CSI,中证家电龙头指数,家电龙头,中证指数有限公司,20171017.0,20041231.0,1000.0,半年,index_daily
931018.CSI,中证5-10年期国债活跃券指数,中证5-10年国债活跃券,中证指数有限公司,20171025.0,20111231.0,100.0,一个月,index_daily
931028.CSI,中证港股通非银行金融主题人民币指数,港股通非银CNY,中证指数有限公司,20171106.0,20141114.0,3000.0,半年,index_daily
931033.CSI,中证杭州湾区指数,杭州湾区,中证指数有限公司,20171108.0,20091231.0,1000.0,半年,index_daily
SPAHLVCP.OTH,标普港股通低波红利指数,标普港股通低波红利指数,标普道琼斯指数有限公司,20170220.0,20110131.0,1000.0,半年,
931039.CSI,中证银行AH价格优选指数,银行AH,中证指数有限公司,20171206.0,20041231.0,1000.0,一个月,index_daily
931052.CSI,中证国信价值指数,国信价值,中证指数有限公司,20171208.0,20070629.0,1000.0,半年,index_daily
931066.CSI,中证军工龙头指数,军工龙头,中证指数有限公司,20180205.0,20121231.0,1000.0,半年,index_daily
000860.SH,中证央企结构调整指数,结构调整,中证指数有限公司,20180326.0,20141231.0,1000.0,半年,index_daily
716567.MI,MSCI中国A股国际通(人民币)指数,MSCI中国A股国际通(人民币)指数,摩根士丹利资本国际公司,20171023.0,20170831.0,1000.0,,
704843.MI,MSCI中国A股国际指数,MSCI中国A股国际指数,摩根士丹利资本国际公司,20140626.0,20081125.0,1000.0,,
707918.MI,MSCI中国A股国际低波(美元)指数,MSCI中国A股国际低波(美元)指数,摩根士丹利资本国际公司,20150827.0,20081125.0,1000.0,,
CBC00701.OTH,中债-中高等级公司债利差因子指数,中债-中高等级公司债利差因子指数,中央国债登记结算有限责任公司,20180615.0,20150630.0,100.0,三个月,
931787.CSI,中证香港创新药指数,港股创新药,中证指数有限公司,20180814.0,20171229.0,1000.0,半年,index_daily
931071.CSI,中证人工智能产业指数,人工智能,中证指数有限公司,20181121.0,20141231.0,1000.0,半年,index_daily
931068.CSI,中证消费龙头指数,消费龙头,中证指数有限公司,20181121.0,20041231.0,1000.0,半年,index_daily
930939.CSI,中证500质量成长指数,500质量成长,中证指数有限公司,20181121.0,20041231.0,1000.0,半年,index_daily
930758.CSI,中证浙江凤凰行动50指数,凤凰50,中证指数有限公司,20181121.0,20121231.0,1000.0,半年,index_daily
930740.CSI,沪深300红利低波动指数,300红利低波,中证指数有限公司,20181204.0,20041231.0,1000.0,半年,index_daily
931088.CSI,中证180ESG指数,180ESG,中证指数有限公司,20181210.0,20151231.0,1000.0,半年,index_daily
931078.CSI,中证可转债及可交换债券指数,中证转债及可交换债,中证指数有限公司,20190122.0,20021231.0,100.0,一个月,index_daily
950045.CSI,上证5年期地方政府债指数,上证5年期地债,中证指数有限公司、上海证券交易所,20190129.0,20131231.0,100.0,一个月,index_daily
399295.SZ,创业板低波价值指数,创价值,深圳证券信息有限公司、深圳证券交易所,20190123.0,20121231.0,1000.0,三个月,index_daily
399296.SZ,创业板动量成长指数,创成长,深圳证券信息有限公司、深圳证券交易所,20190123.0,20121231.0,1000.0,三个月,index_daily
CBA08201.OTH,中债-7-10年政策性金融债指数,中债-7-10年政策性金融债指数,中央国债登记结算有限责任公司,20190125.0,20111231.0,100.0,每日,
CBA08301.OTH,中债-1-5年国开行债券指数,中债-1-5年国开行债券指数,中央国债登记结算有限责任公司,20190128.0,20111231.0,100.0,每日,
990001.OTH,中华交易服务半导体芯片行业指数,中华半导体芯片,中华证券交易服务有限公司,20190318.0,20111230.0,2000.0,半年,
931141.CSI,中证长三角一体化发展主题指数,CS长三角,中证指数有限公司,20190320.0,20121231.0,1000.0,半年,index_daily
931139.CSI,中证消费50指数,CS消费50,中证指数有限公司,20190320.0,20041231.0,1000.0,半年,index_daily
931140.CSI,中证医药50指数,医药50,中证指数有限公司,20190320.0,20041231.0,1000.0,半年,index_daily
931865.CSI,中证半导体产业指数,中证半导,中证指数有限公司,20190320.0,20161230.0,1000.0,半年,index_daily
931087.CSI,中证科技龙头指数,科技龙头,中证指数有限公司,20190320.0,20120629.0,1000.0,半年,index_daily
931151.CSI,中证光伏产业指数,光伏产业,中证指数有限公司、上海证券交易所,20190422.0,20121231.0,1000.0,半年,index_daily
931152.CSI,中证创新药产业指数,CS创新药,中证指数有限公司、上海证券交易所,20190422.0,20141231.0,1000.0,半年,index_daily
931079.CSI,中证5G通信主题指数,5G通信,中证指数有限公司、上海证券交易所,20190425.0,20151231.0,1000.0,半年,index_daily
931165.CSI,中证新兴科技100策略指数,新兴科技100,中证指数有限公司、上海证券交易所,20190425.0,20081231.0,1000.0,三个月,index_daily
931166.CSI,中证医药健康100策略指数,医药健康100,中证指数有限公司、上海证券交易所,20190425.0,20081231.0,1000.0,三个月,index_daily
931161.CSI,中证0-4年期地方政府债指数,0-4年地债,中证指数有限公司、上海证券交易所,20190425.0,20131231.0,100.0,三个月,index_daily
950041.CSI,上证投资级可转债及可交换债券指数,上证投资级转债及可交换债,中证指数有限公司、上海证券交易所,20190425.0,20081231.0,100.0,其他,index_daily
980001.SZ,粤港澳大湾区创新100指数,湾创100,深圳证券信息有限公司,20190409.0,20170630.0,1000.0,半年,index_daily
399293.SZ,创业板大盘指数,创业大盘,深圳证券信息有限公司、深圳证券交易所,20190418.0,20121231.0,1000.0,半年,index_daily
000859.CSI,中证国企一带一路指数,国企一带一路,中证指数有限公司,20190516.0,20131231.0,1000.0,半年,index_daily
000861.CSI,中证央企创新驱动指数,央企创新,中证指数有限公司,20190516.0,20121231.0,1000.0,半年,index_daily
931159.CSI,中证研发创新100指数,创新100,中证指数有限公司,20190516.0,20140630.0,1000.0,半年,index_daily
931187.CSI,中证科技100指数,科技100,中证指数有限公司,20190530.0,20140613.0,1000.0,半年,index_daily
931186.CSI,中证科技50策略指数,中证科技,中证指数有限公司,20190530.0,20121231.0,1000.0,半年,index_daily
CBA11901.OTH,中债-0-3年国开行债券指数,中债-0-3年国开行债券指数,中央国债登记结算有限责任公司,20190628.0,20111231.0,100.0,每日,
721812.MI,MSCI中国A股国际通ESG通用指数,MSCI中国A股国际通ESG通用指数,摩根士丹利资本国际公司,20180806.0,20180531.0,1000.0,,
931268.CSI,中证可持续发展100指数,持续发展,中证指数有限公司,20191115.0,20140630.0,1000.0,半年,index_daily
931265.CSI,中证民企300指数,民企300,中证指数有限公司,20191115.0,20090630.0,1000.0,半年,index_daily
931380.CSI,中证科技50指数,科技50,中证指数有限公司,20191125.0,20140630.0,1000.0,半年,index_daily
399291.SZ,国证创业板中盘精选88指数,创精选88,深圳证券信息有限公司,20191106.0,20121231.0,1000.0,半年,index_daily
950049.CSI,上证G60战略新兴产业成份指数,G60成指,中证指数有限公司、上海证券交易所,20191129.0,20160524.0,1000.0,半年,index_daily
931372.CSI,中证浙江国资创新发展指数,浙江国资,中证指数有限公司,20191209.0,20121231.0,1000.0,半年,index_daily
SPCLLHCP.OTH,标普中国A股大盘红利低波50指数,标普中国A股大盘红利低波50指数,标普道琼斯指数有限公司,20190401.0,20090123.0,1000.0,半年,
931403.CSI,中证新华社民族品牌工程指数,品牌工程,中证指数有限公司、上海证券交易所,20200114.0,20170825.0,1000.0,三个月,index_daily
931395.CSI,中证沪港深300指数,沪港深300,中证指数有限公司、上海证券交易所,20200114.0,20141114.0,1000.0,半年,index_daily
931402.CSI,中证证券公司先锋策略指数,证券先锋,中证指数有限公司、上海证券交易所,20200114.0,20131231.0,1000.0,一个月,index_daily
931393.CSI,中证湖北新旧动能转换指数,湖北指数,中证指数有限公司,20200204.0,20121231.0,1000.0,半年,index_daily
931409.CSI,中证沪港深创新药产业指数,SHS创新药,中证指数有限公司,20200220.0,20141231.0,1000.0,半年,index_daily
931404.CSI,中证沪港深品牌消费50指数,SHS品牌消费50,中证指数有限公司,20200220.0,20091231.0,1000.0,半年,index_daily
931412.CSI,中证证券公司30指数,证券公司30,中证指数有限公司,20200220.0,20131231.0,1000.0,半年,index_daily
931406.CSI,中证5G产业50指数,5G50,中证指数有限公司,20200220.0,20151231.0,1000.0,半年,index_daily
931454.CSI,中证港股通消费主题指数,港股通消费,中证指数有限公司,20200306.0,20141114.0,1000.0,半年,index_daily
399285.SZ,深证物联网50指数,物联网50,深圳证券信息有限公司、深圳证券交易所,20200218.0,20121231.0,1000.0,半年,index_daily
931447.CSI,中证科技先锋指数,科技先锋,中证指数有限公司、上海证券交易所,20200421.0,20140630.0,1000.0,半年,index_daily
931470.CSI,中证沪港深云计算产业指数,SHS云计算,中证指数有限公司、上海证券交易所,20200421.0,20141231.0,1000.0,半年,index_daily
931442.CSI,中证沪港深科技100指数,SHS科技100,中证指数有限公司、上海证券交易所,20200421.0,20141114.0,3000.0,半年,index_daily
931456.CSI,中证全球中国教育主题指数,中国教育,中证指数有限公司、上海证券交易所,20200421.0,20141231.0,1000.0,半年,index_daily
931463.CSI,沪深300ESG基准指数,300ESG,中证指数有限公司,20200430.0,20170630.0,1000.0,半年,index_daily
931476.CSI,中证ESG120策略指数,ESG120策略,中证指数有限公司,20200430.0,20170630.0,1000.0,半年,index_daily
931480.CSI,中证线上消费主题指数,线上消费,中证指数有限公司,20200506.0,20141231.0,1000.0,半年,index_daily
931481.CSI,中证沪港深线上消费主题指数,SHS线上消费,中证指数有限公司,20200506.0,20141231.0,1000.0,半年,index_daily
931484.CSI,中证医药及医疗器械创新指数,CS医药创新,中证指数有限公司,20200506.0,20141231.0,1000.0,半年,index_daily
931487.CSI,中证沪港深人工智能50指数,SHS人工智能50,中证指数有限公司,20200506.0,20141231.0,1000.0,半年,index_daily
931468.CSI,中证红利质量指数,红利质量,中证指数有限公司、上海证券交易所,20200521.0,20041231.0,1000.0,半年,index_daily
931494.CSI,中证消费电子主题指数,消费电子,中证指数有限公司,20200612.0,20121231.0,1000.0,半年,index_daily
931469.CSI,中证云计算50指数,云计算50,中证指数有限公司,20200612.0,20141231.0,1000.0,半年,index_daily
931495.CSI,中证工业互联网主题指数,工业互联,中证指数有限公司,20200708.0,20141231.0,1000.0,半年,index_daily
931521.CSI,中证智选航空航天科技指数,智选航空航天科技,中证指数有限公司,20200708.0,20121231.0,1000.0,半年,index_daily
000688.SH,上证科创板50成份指数,科创50,中证指数有限公司、上海证券交易所,20200723.0,20191231.0,1000.0,三个月,index_daily
931524.CSI,中证沪港深科技龙头指数,SHS科技龙头,中证指数有限公司,20200716.0,20141114.0,1000.0,半年,index_daily
931552.CSI,中证1-3年国债指数,1-3年国债,中证指数有限公司,20200803.0,20071231.0,100.0,一个月,index_daily
931554.CSI,中证长江保护主题指数,长江保护,中证指数有限公司,20200819.0,20140630.0,1000.0,半年,index_daily
931526.CSI,中证企业核心竞争力50指数,企业核心竞争力50,中证指数有限公司,20200824.0,20170630.0,1000.0,一年,index_daily
FISAULM.OTH,富时沙特阿拉伯指数,富时沙特阿拉伯指数,富时罗素,20181127.0,,,,
931582.CSI,中证数字经济主题指数,数字经济,中证指数有限公司,20201109.0,20161230.0,1000.0,半年,index_daily
931586.CSI,中证智选300价值稳健策略指数,300价值稳健,中证指数有限公司,20201109.0,20041231.0,1000.0,三个月,index_daily
931587.CSI,中证智选500价值稳健策略指数,500价值稳健,中证指数有限公司,20201109.0,20041231.0,1000.0,三个月,index_daily
931588.CSI,中证智选1000价值稳健策略指数,1000价值稳健,中证指数有限公司,20201109.0,20041231.0,1000.0,三个月,index_daily
931589.CSI,中证智选300成长创新策略指数,300成长创新,中证指数有限公司,20201109.0,20041231.0,1000.0,三个月,index_daily
931590.CSI,中证智选500成长创新策略指数,500成长创新,中证指数有限公司,20201109.0,20041231.0,1000.0,三个月,index_daily
931591.CSI,中证智选1000成长创新策略指数,1000成长创新,中证指数有限公司,20201109.0,20041231.0,1000.0,三个月,index_daily
399276.SZ,创业板科技指数,创科技,深圳证券信息有限公司、深圳证券交易所,20201026.0,20121231.0,1000.0,半年,index_daily
399275.SZ,创业板医药卫生指数,创医药,深圳证券信息有限公司、深圳证券交易所,20201026.0,20121231.0,1000.0,半年,index_daily
931596.CSI,中证沪港深张江自主创新50指数,SHS张江50,中证指数有限公司,20201218.0,20141231.0,1000.0,半年,index_daily
931594.CSI,中证卫星产业指数,卫星产业,中证指数有限公司,20201222.0,20151231.0,1000.0,半年,index_daily
931637.CSI,中证港股通互联网指数,港股通互联网,中证指数有限公司,20210111.0,20161230.0,1000.0,半年,index_daily
987008.CNI,国证港股通科技指数,港股通科技,深圳证券信息有限公司,20210308.0,20141231.0,1000.0,三个月,index_daily
931695.CSI,中证成渝地区双城经济圈成份指数,成渝经济圈,中证指数有限公司,20210429.0,20111230.0,1000.0,半年,index_daily
931643.CSI,中证科创创业50指数,科创创业50,中证指数有限公司,20210601.0,20191231.0,1000.0,三个月,index_daily
931696.CSI,中证科技优势成长50策略指数,科技50策略,中证指数有限公司,20210712.0,20081231.0,1000.0,三个月,index_daily
CBA21801.OTH,中债-30年期国债指数,中债-30年期国债指数,中央国债登记结算有限责任公司,20210709.0,20101231.0,100.0,一个月,
000682.SH,上证科创板新一代信息技术指数,科创信息,中证指数有限公司、上海证券交易所,20210816.0,20191231.0,1000.0,三个月,index_daily
931733.CSI,中证绿色能源指数,绿色能源,中证指数有限公司,20210819.0,20131231.0,1000.0,半年,index_daily
931752.CSI,中证工程机械主题指数,工程机械主题,中证指数有限公司,20210927.0,20160630.0,1000.0,半年,index_daily
GPCCH003.OTH,富时中国国企开放共赢指数,富时中国国企开放共赢指数,富时罗素,20190927.0,20170317.0,1000.0,半年,
931755.CSI,中证上海环交所碳中和指数,SEEE碳中和,中证指数有限公司,20211021.0,20170630.0,1000.0,半年,index_daily
987016.CNI,国证港股通红利低波动率指数,港股通红利低波,深圳证券信息有限公司,20211118.0,20141231.0,1000.0,半年,index_daily
987018.CNI,国证港股通创新药指数,港股通创新药,深圳证券信息有限公司,20211118.0,20181231.0,1000.0,三个月,index_daily
987022.CNI,国证港股通互联网指数,港股通互联网,深圳证券信息有限公司,20211118.0,20141231.0,1000.0,半年,index_daily
931790.CSI,中证韩交所中韩半导体指数,中韩半导体,中证指数有限公司,20211220.0,20141231.0,1000.0,半年,index_daily
SPNCSCHN.OTH,标普新中国行业(A股上限)指数,标普新中国行业(A股上限)指数,标普道琼斯指数有限公司,20200630.0,20101231.0,1000.0,,
987024.CNI,国证港股通消费主题指数,港股通消费,深圳证券信息有限公司,20220411.0,20141231.0,1000.0,三个月,index_daily
931866.CSI,中证机床指数,中证机床,中证指数有限公司,20220509.0,20161230.0,1000.0,半年,index_daily
000683.SH,上证科创板生物医药指数,科创生物,中证指数有限公司、上海证券交易所,20220509.0,20191231.0,1000.0,三个月,index_daily
000685.SH,上证科创板芯片指数,科创芯片,中证指数有限公司、上海证券交易所,20220613.0,20191231.0,1000.0,三个月,index_daily
931239.CSI,中证港股通汽车产业主题指数,港股通汽车,中证指数有限公司,20220721.0,20161230.0,1000.0,半年,index_daily
932069.CSI,中证港股通医疗主题指数,港股通医疗主题,中证指数有限公司,20220721.0,20181231.0,1000.0,半年,index_daily
931235.CSI,中证电信主题指数,中证电信,中证指数有限公司,20220721.0,20181228.0,1000.0,半年,index_daily
000689.SH,上证科创板新材料指数,科创材料,中证指数有限公司、上海证券交易所,20220815.0,20191231.0,1000.0,三个月,index_daily
931994.CSI,中证电网设备主题指数,电网设备主题,中证指数有限公司,20221011.0,20140630.0,1000.0,半年,index_daily
399264.SZ,创业板软件指数,创业软件,深圳证券信息有限公司、深圳证券交易所,20220929.0,20171229.0,1000.0,半年,index_daily
399266.SZ,创业板新能源指数,创新能源,深圳证券信息有限公司、深圳证券交易所,20220929.0,20171229.0,1000.0,半年,index_daily
000690.SH,上证科创板成长指数,科创成长,中证指数有限公司、上海证券交易所,20221104.0,20191231.0,1000.0,三个月,index_daily
932038.CSI,中证国新央企科技引领指数,央企科技引领,中证指数有限公司,20221116.0,20161230.0,1000.0,半年,index_daily
932037.CSI,中证国新央企现代能源指数,央企现代能源,中证指数有限公司,20221116.0,20161230.0,1000.0,半年,index_daily
932039.CSI,中证国新央企股东回报指数,央企股东回报,中证指数有限公司,20221116.0,20161230.0,1000.0,一年,index_daily
NDXTMC.NASDAQ,纳斯达克科技市值加权指数,纳斯达克科技市值加权指数,美国纳斯达克证券交易所,20220321.0,20220321.0,1000.0,,
GPCSP006.OTH,富时亚太精选指数,富时亚太精选指数,富时罗素,20220527.0,20150918.0,1000.0,一年,
950243.CSI,上证基准做市国债指数,沪做市国债,中证指数有限公司、上海证券交易所,20230206.0,20220630.0,100.0,一个月,index_daily
950245.CSI,上证基准做市公司债指数,沪做市公司债,中证指数有限公司、上海证券交易所,20230206.0,20220630.0,100.0,一个月,index_daily
931241.CSI,中证家居家电指数,家居家电,中证指数有限公司,20230323.0,20141231.0,1000.0,半年,index_daily
932088.CSI,中证全指航空航天指数,全指航空,中证指数有限公司,20230323.0,20211231.0,1000.0,半年,index_daily
932087.CSI,中证全指集成电路指数,集成电路,中证指数有限公司,20230329.0,20211231.0,1000.0,半年,index_daily
932094.CSI,中证全指软件开发指数,软件开发,中证指数有限公司,20230329.0,20211231.0,1000.0,半年,index_daily
000692.SH,上证科创板新能源指数,科创新能,中证指数有限公司、上海证券交易所,20230403.0,20191231.0,1000.0,三个月,index_daily
000693.SH,上证科创板工业机械指数,科创机械,中证指数有限公司、上海证券交易所,20230403.0,20191231.0,1000.0,三个月,index_daily
707717.MI,MSCI中国A股国际公司质量指数,MSCI中国A股国际公司质量指数,摩根士丹利资本国际公司,20150827.0,20081125.0,1000.0,,
931243.CSI,中证诚通央企ESG指数,诚通央企ESG,中证指数有限公司,20230504.0,20161230.0,1000.0,半年,index_daily
931132.CSI,中证诚通央企红利指数,诚通央企红利,中证指数有限公司,20230504.0,20161230.0,1000.0,一年,index_daily
921128.CNI,深证基准做市信用债指数,深做市信用债,深圳证券信息有限公司、深圳证券交易所,20230412.0,20220630.0,100.0,一个月,index_daily
718711.MI,MSCI中国A股人民币指数,MSCI中国A股人民币指数,摩根士丹利资本国际公司,20180301.0,20081125.0,1000.0,,
735577.MI,MSCI中国A50互联互通指数,MSCI中国A50互联互通指数,摩根士丹利资本国际公司,20210820.0,20121130.0,1000.0,,
931248.CSI,中证油气资源指数,油气资源,中证指数有限公司,20230612.0,20141231.0,1000.0,半年,index_daily
000698.SH,上证科创板100指数,科创100,中证指数有限公司、上海证券交易所,20230807.0,20191231.0,1000.0,三个月,index_daily
931946.CSI,中证畜牧养殖产业指数,畜牧养殖,中证指数有限公司,20230728.0,20211231.0,1000.0,半年,index_daily
750108.MI,MSCI美国50指数,MSCI美国50指数,摩根士丹利资本国际公司,20220608.0,20000531.0,1000.0,三个月,
931529.CSI,中证诚通国企数字经济指数,国企数字经济,中证指数有限公司,20230804.0,20161230.0,1000.0,半年,index_daily
932000.CSI,中证2000指数,中证2000,中证指数有限公司,20230811.0,20131231.0,1000.0,半年,index_daily
932160.CSI,中证AAA科技创新公司债指数,AAA科创债,中证指数有限公司,20230824.0,20220630.0,100.0,一个月,index_daily
950167.CSI,上证AAA科技创新公司债指数,沪AAA科创债,中证指数有限公司、上海证券交易所,20230824.0,20220630.0,100.0,一个月,index_daily
931722.CSI,中证国新港股通央企红利指数,国新港股通央企红利,中证指数有限公司,20230913.0,20161230.0,1000.0,一年,index_daily
932200.CSI,中证国债及政策性金融债0-3年指数,国债及政金债0-3,中证指数有限公司,20231010.0,20071231.0,100.0,一个月,index_daily
932052.CSI,中证诚通央企科技创新指数,央企科技创新,中证指数有限公司,20231010.0,20191231.0,1000.0,半年,index_daily
399850.SZ,深证50指数,深证50,深圳证券信息有限公司、深圳证券交易所,20231018.0,20021231.0,1000.0,半年,index_daily
931823.CSI,中证国资央企50指数,国资央企50,中证指数有限公司,20231109.0,20161230.0,1000.0,半年,index_daily
ASIATECP.OTH,新交所泛东南亚科技指数,新交所泛东南亚科技指数,新加坡证券交易有限公司,20221128.0,20111128.0,1000.0,三个月,
399750.SZ,深证主板50指数,深主板50,深圳证券信息有限公司、深圳证券交易所,20231115.0,20041231.0,1000.0,半年,index_daily
399019.SZ,创业板200指数,创业200,深圳证券信息有限公司、深圳证券交易所,20231115.0,20120629.0,1000.0,半年,index_daily
932066.CSI,中证半导体行业精选指数,半导体行业精选,中证指数有限公司,20231110.0,20141231.0,1000.0,半年,index_daily
921130.CNI,深证AAA科技创新公司债指数,深AAA科创债,深圳证券信息有限公司、深圳证券交易所,20231123.0,20221230.0,100.0,一个月,index_daily
930050.CSI,中证A50指数,中证A50,中证指数有限公司,20240102.0,20141231.0,1000.0,半年,index_daily
950175.CSI,上证30年期国债指数,沪30年国债,中证指数有限公司、上海证券交易所,20231219.0,20101231.0,100.0,三个月,index_daily
SP5CSSUP.OTH,标普500消费精选指数,标普500消费精选指数,标普道琼斯指数有限公司,20221121.0,20120316.0,,三个月,
931848.CSI,中证800红利低波动指数,800红利低波,中证指数有限公司,20240521.0,20131231.0,1000.0,半年,index_daily
932315.CSI,中证全指红利质量指数,中证红利质量,中证指数有限公司,20240708.0,20131231.0,1000.0,半年,index_daily
970070.SZ,创业板人工智能指数,创业板人工智能,深圳证券信息有限公司、深圳证券交易所,20240711.0,20181228.0,1000.0,半年,index_daily
950162.CSI,上证科创板芯片设计主题指数,科创芯片设计,中证指数有限公司、上海证券交易所,20240726.0,20191231.0,1000.0,半年,index_daily
950125.CSI,上证科创板半导体材料设备主题指数,科创半导体材料设备,中证指数有限公司、上海证券交易所,20240726.0,20191231.0,1000.0,半年,index_daily
950180.CSI,上证科创板人工智能指数,科创AI,中证指数有限公司、上海证券交易所,20240725.0,20221230.0,1000.0,三个月,index_daily
000699.SH,上证科创板200指数,科创200,中证指数有限公司、上海证券交易所,20240820.0,20221230.0,1000.0,三个月,index_daily
950161.CSI,上证科创板创新药指数,科创新药,中证指数有限公司、上海证券交易所,20240823.0,20221230.0,1000.0,三个月,index_daily
950228.CSI,上证智选科创板价值50策略指数,智选科创价值50,中证指数有限公司、上海证券交易所,20240823.0,20191231.0,1000.0,三个月,index_daily
000510.SH,中证A500指数,中证A500,中证指数有限公司,20240923.0,20041231.0,1000.0,半年,index_daily
950333.CSI,上证智选科创板创新价值指数,智选创新价值,中证指数有限公司、上海证券交易所,20240925.0,20191231.0,1000.0,半年,index_daily
932305.CSI,中证智选高股息策略指数,智选高股息,中证指数有限公司,20240930.0,20051230.0,1000.0,一年,index_daily
932366.CSI,沪深300自由现金流指数,300现金流,中证指数有限公司,20241112.0,20131231.0,1000.0,三个月,index_daily
932367.CSI,中证500自由现金流指数,500现金流,中证指数有限公司,20241112.0,20131231.0,1000.0,三个月,index_daily
932365.CSI,中证全指自由现金流指数,中证现金流,中证指数有限公司,20241211.0,20131231.0,1000.0,三个月,index_daily
932368.CSI,中证800自由现金流指数,800现金流,中证指数有限公司,20241211.0,20131231.0,1000.0,三个月,index_daily
EMASIAUP.OTH,新交所新兴亚洲精选50指数,新交所新兴亚洲精选50指数,新加坡证券交易有限公司,20240719.0,20180328.0,1000.0,半年,
000680.SH,上证科创板综合指数,科创综指,中证指数有限公司、上海证券交易所,20250120.0,20191231.0,1000.0,不定期调整,index_daily
000681.SH,上证科创板综合价格指数,科创价格,中证指数有限公司、上海证券交易所,20250120.0,20191231.0,1000.0,不定期调整,index_daily
FCFQCD.OTH,富时中国A股自由现金流聚焦指数,富时中国A股自由现金流聚焦指数,富时罗素,20240729.0,20131231.0,1000.0,半年,
932431.CSI,沪深300质量指数,300质量,中证指数有限公司,20250318.0,20101231.0,1000.0,半年,index_daily
931855.CSI,中证通用航空主题指数,通用航空,中证指数有限公司,20250402.0,20201231.0,1000.0,半年,index_daily
932422.CSI,中证A500红利低波动指数,A500红利低波,中证指数有限公司,20250409.0,20131231.0,1000.0,半年,index_daily
932456.CSI,中证科创创业人工智能指数,科创创业AI,中证指数有限公司,20250514.0,20191231.0,1000.0,半年,index_daily
932420.CSI,中证智选船舶产业指数,智选船舶产业,中证指数有限公司,20250528.0,20191231.0,1000.0,半年,index_daily
950580.CSI,上证580指数,上证580,中证指数有限公司、上海证券交易所,20250616.0,20181228.0,1000.0,半年,index_daily
931785.CSI,中证智选沪深港科技50指数,智选沪深港科技50,中证指数有限公司,20250627.0,20161230.0,1000.0,三个月,index_daily
SPCADMCP.OTH,标普中国A股红利100指数,标普中国A股红利100,标普道琼斯指数有限公司,20180329.0,20060731.0,1000.0,半年,
HSCEI.HI,恒生中国企业指数,恒生中国企业指数,恒生指数有限公司,19940808.0,20000103.0,2000.0,三个月,
HSI.HI,恒生指数,恒生指数,恒生指数有限公司,19691124.0,19640731.0,100.0,三个月,
HSFML25.HI,恒生中国(香港上市)30指数,恒生中国内地30,恒生指数有限公司,20030120.0,20000103.0,2000.0,三个月,
HSCGSI.HI,恒生消费指数,恒生消费,恒生指数有限公司,20150817.0,20100305.0,3000.0,三个月,
HSHCI.HI,恒生医疗保健指数,恒生医疗保健指数,恒生指数有限公司,20150817.0,20100305.0,3000.0,三个月,
HSIII.HI,恒生互联网科技业指数,恒生互联网科技业指数,恒生指数有限公司,20150817.0,20100305.0,3000.0,三个月,
HSHYLV.HI,恒生港股通高股息低波动指数,港股通高股息低波动,恒生指数有限公司,20170508.0,20100903.0,3000.0,半年,
HSSCNE.HI,恒生港股通新经济指数,港股通新经济指数,恒生指数有限公司,20180108.0,20141231.0,3000.0,半年,
HSSCHI.HI,恒生港股通创新药及医疗保健指数,港股通医疗保健,恒生指数有限公司,20190121.0,20141231.0,3000.0,半年,
HSMCHYI.HI,恒生港股通中国内地企业高股息率指数,中国内地企业高股息率,恒生指数有限公司,20190909.0,20141231.0,3000.0,半年,
HSSCHKY.HI,恒生港股通高股息率指数,港股通高股息率指数,恒生指数有限公司,20191118.0,20141231.0,3000.0,半年,
HSBIO.HI,恒生生物科技指数,恒生生物科技,恒生指数有限公司,20191216.0,20131231.0,10000.0,三个月,
HSSCT.HI,恒生港股通中国科技指数,港股通中国科技指数,恒生指数有限公司,20200217.0,20141231.0,3000.0,半年,
HSSSHID.HI,恒生沪深港创新药精选50指数,沪深港创新药精选50,恒生指数有限公司,20200330.0,20141231.0,3000.0,半年,
HSTECH.HI,恒生科技指数,恒生科技指数,恒生指数有限公司,20200727.0,20141231.0,3000.0,三个月,
HSCAUPG.HI,恒生A股电网设备指数,A股电网设备,恒生指数有限公司,20220228.0,20181231.0,3000.0,半年,
HSCSOE.HI,恒生中国央企指数,恒生中国央企,恒生指数有限公司,20230417.0,20181231.0,3000.0,三个月,
HSIDI.HI,恒生创新药指数,恒生创新药,恒生指数有限公司,20230515.0,20191231.0,3000.0,半年,
HSCSSE.HI,恒生A股专精特新企业指数,A股专精特新企业,恒生指数有限公司,20230605.0,20181231.0,3000.0,半年,
HSSCSOY.HI,恒生港股通中国央企红利指数,港股通中国央企红利,恒生指数有限公司,20230612.0,20190614.0,3000.0,一年,
HSSCID.HI,恒生港股通创新药指数,港股通创新药,恒生指数有限公司,20230710.0,20191231.0,3000.0,半年,
HSSCPB.HI,恒生港股通创新药精选指数,创新药精选,恒生指数有限公司,20230717.0,20201231.0,3000.0,半年,
HSSCITI.HI,恒生港股通科技主题指数,港股通科技主题,恒生指数有限公司,20230717.0,20201231.0,3000.0,半年,
HSISC.HI,恒指港股通指数,恒指港股通,恒生指数有限公司,20240308.0,20200904.0,3000.0,三个月,
HSSCAM.HI,恒生港股通汽车主题指数,港股通汽车主题,恒生指数有限公司,20240531.0,20201231.0,3000.0,半年,
HSSC50.HI,恒生港股通50指数,港股通50,恒生指数有限公司,20250113.0,20211231.0,3000.0,半年,
000990.CSI,中证全指主要消费指数,全指消费,中证指数有限公司,20110802.0,20041231.0,1000.0,半年,index_daily
000046.SH,上证中小盘指数,上证中小,中证指数有限公司,20090703.0,20031231.0,1000.0,半年,index_daily
000049.SH,上证民营企业50指数,上证民企,中证指数有限公司,20090825.0,20090630.0,1000.0,半年,index_daily
000050.SH,上证50等权重指数,50等权,中证指数有限公司,20110104.0,20031231.0,1000.0,半年,index_daily
000051.SH,上证180等权重指数,180等权,中证指数有限公司,20110524.0,20020628.0,3299.06,半年,index_daily
000061.SH,上证企债30指数,沪企债30,中证指数有限公司,20100104.0,20081231.0,100.0,三个月,index_daily
000063.SH,上证周期行业50指数,上证周期,中证指数有限公司,20100203.0,20031231.0,1000.0,半年,index_daily
000064.SH,上证非周期行业100指数,非周期,中证指数有限公司,20100203.0,20031231.0,1000.0,半年,index_daily
000067.SH,上证新兴产业指数,上证新兴,中证指数有限公司,20100430.0,20031231.0,1000.0,半年,index_daily
000028.SH,上证180成长指数,180成长,中证指数有限公司,20090109.0,20020628.0,1000.0,半年,index_daily
000032.SH,上证能源行业指数,上证能源,中证指数有限公司,20090109.0,20031231.0,1000.0,半年,index_daily
000033.SH,上证原材料行业指数,上证材料,中证指数有限公司,20090109.0,20031231.0,1000.0,半年,index_daily
000984.CSI,沪深300等权重指数,300等权,中证指数有限公司,20110802.0,20041231.0,1000.0,半年,index_daily
000802.SH,中证500沪市指数,500沪市,中证指数有限公司,20111108.0,20041231.0,1000.0,半年,index_daily
000816.CSI,中证细分房地产产业主题指数,细分地产,中证指数有限公司,20120411.0,20041231.0,1000.0,半年,index_daily
000939.CSI,中证民企成长指数,民企成长,中证指数有限公司,20090825.0,20131213.0,1000.0,半年,index_daily
000945.CSI,中证内地运输主题指数,内地运输,中证指数有限公司,20091028.0,20041231.0,1000.0,半年,index_daily
399364.SZ,国证消费100指数,消费100,深圳证券信息有限公司,20090803.0,20041231.0,1000.0,半年,index_daily
399377.SZ,巨潮小盘价值指数,小盘价值,深圳证券信息有限公司,20100104.0,20021231.0,1000.0,半年,index_daily
399337.SZ,深证民营指数,深证民营,深圳证券信息有限公司,20090803.0,20041231.0,1000.0,半年,index_daily
399612.SZ,中小创业企业100指数,中创100,深圳证券信息有限公司,20110228.0,20070629.0,1000.0,半年,index_daily
399703.SZ,深证基本面200指数,深证F200,中证指数有限公司,20100510.0,20021231.0,1000.0,一年,index_daily
399802.SZ,中证500深市指数,500深市,中证指数有限公司,20120905.0,20041231.0,1000.0,半年,index_daily
399634.SZ,中小企业100等权重指数,中小等权,深圳证券信息有限公司,20111028.0,20061229.0,1000.0,半年,index_daily
000155.SH,上证市值百强指数,市值百强,中证指数有限公司,20120720.0,20031231.0,1000.0,半年,index_daily
399602.SZ,中小300成长指数,中小成长,深圳证券信息有限公司,20100524.0,20100319.0,1000.0,半年,index_daily
000988.CSI,中证全指工业指数,全指工业,中证指数有限公司,20110802.0,20041231.0,1000.0,半年,index_daily
CN5074.SZ,国证财富管理指数,财富管理,深圳证券信息有限公司,20150216.0,20021231.0,1000.0,半年,index_daily
399422.SZ,中关村A股综合指数,中关村A指,深圳证券信息有限公司,20150205.0,20081231.0,1000.0,半年,index_daily
000135.SH,上证180高贝塔指数,180高贝,中证指数有限公司,20120806.0,20020628.0,3299.06,半年,index_daily
930915.CSI,中证港股通高股息投资人民币指数,港股通高股息CNY,中证指数有限公司,20161125.0,20141114.0,3000.0,一年,index_daily
000140.CSI,上证5年期国债指数,5年国债,中证指数有限公司,20120912.0,20071231.0,100.0,三个月,index_daily
CES300.OTH,中华交易服务沪深港300指数,中华沪深港300,中华证券交易服务有限公司,20141215.0,20081231.0,2000.0,半年,
930916.CSI,中证10年期国债指数,中证10年国债,中证指数有限公司,20161205.0,20081231.0,100.0,一个月,index_daily
SPTR500N.OTH,标普500净总收益指数,标普500净总收益指数,标普道琼斯指数有限公司,19570304.0,19280103.0,10.0,,
930975.CSI,中证港股通医药卫生综合人民币指数,港股通医药CCNY,中证指数有限公司,20170623.0,20141114.0,3000.0,半年,index_daily
930846.CSI,沪深300行业中性低波动指数,300SNLV,中证指数有限公司,20160624.0,20041231.0,1000.0,半年,index_daily
930703.CSI,中证福建50指数,福建50,中证指数有限公司,20150709.0,20121231.0,1000.0,半年,index_daily
950102.CSI,上证周期产业债指数,上证周期债,中证指数有限公司,20160819.0,20071231.0,100.0,一个月,index_daily
H30251.CSI,中证500原材料指数,500原料,中证指数有限公司,20131106.0,20041231.0,1000.0,半年,index_daily
950113.CSI,上证3-5年期中高等级可质押信用债指数,沪质中高债3-5,中证指数有限公司,20170223.0,20081231.0,100.0,一个月,index_daily
931023.CSI,中证北京50指数,北京50,中证指数有限公司,20171030.0,20121231.0,1000.0,半年,index_daily
DJI.UN,道琼斯工业平均指数,道琼斯工业平均指数,标普道琼斯指数有限公司,18960526.0,18960526.0,40.94,,
930701.CSI,中证京津冀协同发展主题指数,CS京津冀,中证指数有限公司,20150709.0,20121231.0,1000.0,三个月,index_daily
930838.CSI,中证高股息精选指数,CS高股息,中证指数有限公司,20160608.0,20041231.0,1000.0,一年,index_daily
H30252.CSI,中证500工业指数,500工业,中证指数有限公司,20131106.0,20041231.0,1000.0,半年,index_daily
H30089.CSI,中证红利潜力指数,红利潜力,中证指数有限公司,20130702.0,20051230.0,1000.0,一年,index_daily
IMCI.SHF,上海期货交易所有色金属期货价格指数,上期有色金属指数,上海期货交易所,20121226.0,20020107.0,1000.0,一年,
930999.CSI,中证沪港深粤港澳大湾区发展主题指数,SHS大湾区,中证指数有限公司,20170719.0,20161230.0,1000.0,半年,index_daily
H50040.CSI,上证红利低波动指数,上红低波,中证指数有限公司,20140321.0,20051230.0,1000.0,一年,index_daily
H01077.CSI,上证10年期国债指数(净价),10年国债(净),中证指数有限公司,20130307.0,20081231.0,100.0,三个月,index_daily
H30020.CSI,中证800食品饮料指数,800食品,中证指数有限公司,20121221.0,20041231.0,1000.0,半年,index_daily
H30205.CSI,中证饮料主题指数,饮料指数,中证指数有限公司,20130715.0,20041231.0,1000.0,半年,index_daily
BOVESPA.OTH,巴西IBOVESPA指数,巴西BOVESPA指数,巴西圣保罗证券交易所,19680102.0,19680102.0,100.0,,
H11017.CSI,中证金边中期国债指数,中期国债,中证指数有限公司,20110321.0,20071231.0,100.0,三个月,index_daily
CAC40.FP,巴黎CAC40指数,巴黎CAC40指数,法国巴黎证券交易所,19880615.0,19871231.0,1000.0,,
930839.CSI,中证港股通高股息精选指数,港股通高息精选,中证指数有限公司,20160608.0,20141114.0,3000.0,一年,index_daily
H30255.CSI,中证500医药卫生指数,500医药,中证指数有限公司,20131106.0,20041231.0,1000.0,半年,index_daily
950082.CSI,上证上海改革发展主题指数,上海改革,中证指数有限公司,20150803.0,20111231.0,1000.0,三个月,index_daily
718711L.MI,MSCI中国A股人民币指数(本币),MSCI中国A股人民币指数(本币),摩根士丹利资本国际公司,20180301.0,20081125.0,1000.0,,
930738.CSI,中证四川国企改革指数,四川国改,中证指数有限公司,20180710.0,20111231.0,1000.0,半年,index_daily
HSBBAC.HI,恒生沪深港通大湾区综合指数,沪深港通大湾区综合指,恒生指数有限公司,20180521.0,20141231.0,3000.0,半年,
931787CNY00.CSI,中证香港创新药人民币指数,港股创新药CNY,中证指数有限公司,20180814.0,20171229.0,1000.0,半年,index_daily
707717L.MI,MSCI中国A股国际公司质量指数(本币),MSCI中国A股国际公司质量指数(本币),摩根士丹利资本国际公司,20150827.0,20081125.0,1000.0,,
930938.CSI,中证500成长估值指数,500成长估值,中证指数有限公司,20181204.0,20091231.0,1000.0,半年,index_daily
931127.CSI,中证浙江新动能指数,浙江新动能,中证指数有限公司,20190122.0,20081231.0,1000.0,半年,index_daily
931163.CSI,中证浙江100指数,浙江100,中证指数有限公司,20190425.0,20121231.0,1000.0,半年,index_daily
931167.CSI,中证先进制造100策略指数,先进制造100,中证指数有限公司,20190425.0,20081231.0,1000.0,三个月,index_daily
950047.CSI,上证1-5年期地方政府债指数,上证1-5年地债,中证指数有限公司,20190425.0,20131231.0,100.0,一个月,index_daily
TPX.JT,东证股价指数,东证股价指数,东京证券交易所,19690701.0,19680104.0,100.0,,
718465.MI,MSCI中国A股质优价值100指数,MSCI中国A股质优价值100指数,摩根士丹利资本国际公司,20180604.0,20091130.0,1000.0,,
931373.CSI,中证高股息龙头指数,股息龙头,中证指数有限公司,20191115.0,20131231.0,1000.0,半年,index_daily
931381.CSI,中证长三角领先指数,中证长三角,中证指数有限公司,20191125.0,20121231.0,1000.0,半年,index_daily
931455.CSI,中证港股通消费主题人民币指数,港股通消费CNY,中证指数有限公司,20200306.0,20141114.0,1000.0,半年,index_daily
399088.SZ,深证创新100指数,深创100,深圳证券信息有限公司,20200218.0,20121231.0,1000.0,半年,index_daily
SHAU.SGE,黄金集中定价(SHAU合约),SHAU,,,20160419.0,,,
931523.CSI,中证沪港深动漫游戏指数,SHS动漫游戏,中证指数有限公司,20200708.0,20141114.0,1000.0,半年,index_daily
707918L.MI,MSCI中国A股国际低波(美元)指数(本币),MSCI中国A股国际低波(美元)指数(本币),摩根士丹利资本国际公司,20150827.0,20081125.0,1000.0,,
931648.CSI,中证500ESG基准指数,500ESG,中证指数有限公司,20210412.0,20170630.0,1000.0,半年,index_daily
CBC00703.OTH,中债-中高等级公司债利差因子指数(全价),中债-中高等级公司债利差因子指数(全价),中央国债登记结算有限责任公司,20180615.0,20150630.0,100.0,三个月,
CBA08303.OTH,中债-1-5年国开行债券指数(全价),中债-1-5年国开行债券指数(全价),中央国债登记结算有限责任公司,20190128.0,20111231.0,100.0,每日,
CBA08203.OTH,中债-7-10年政策性金融债指数(全价),中债-7-10年政策性金融债指数(全价),中央国债登记结算有限责任公司,20190125.0,20111231.0,100.0,每日,
CBA08903.OTH,中债-0-5年广东省地方政府债指数(全价),中债-0-5年广东省地方政府债指数(全价),中央国债登记结算有限责任公司,20180926.0,20141231.0,100.0,三个月,
CBA12003.OTH,中债-0-3年长三角地方政府债指数(全价),中债-0-3年长三角地方政府债指数(全价),中央国债登记结算有限责任公司,20190709.0,20160531.0,100.0,每日,
931772.CSI,中证碳中和60指数,碳中和60,中证指数有限公司,20211109.0,20170630.0,1000.0,半年,index_daily
746059L.MI,MSCI中国A50互联互通(人民币)指数(本币),MSCI中国A50互联互通(人民币)指数(本币),摩根士丹利资本国际公司,20210917.0,20121130.0,1000.0,三个月,
721638.MI,MSCI中国A股(人民币)ESG通用指数,MSCI中国A股(人民币)ESG通用指数,摩根士丹利资本国际公司,20180803.0,20180531.0,1000.0,,
716567L.MI,MSCI中国A股国际通(人民币)指数(本币),MSCI中国A股国际通(人民币)指数(本币),摩根士丹利资本国际公司,20171023.0,20170831.0,1000.0,,
931722CNY100.CSI,中证国新港股通央企红利人民币中间价指数,国新港股通央企红利CPR,中证指数有限公司,20230913.0,20161230.0,1000.0,一年,index_daily
