ts_code,name,benchmark,invest_type,fund_type,list_date,delist_date,status,market,matched_index_name,index_ts_code,p0,p1,etf_max_drawdown,median_amount_60d,ts_code_index,index_p0,index_p1,index_max_drawdown,etf_total_return,etf_cagr,index_price_return,index_cagr,liquid_10m
512810.SH,华宝中证军工ETF,中证军工指数×100%,被动指数型,股票型,20160822.0,,L,E,中证军工指数,399967.SZ,0.967,1.2869052,-0.492638036809816,38016.815,399967.SZ,11155.699,11201.9267,-0.5074300778022085,0.3308223371251293,0.028992023350208562,0.004143864046529,0.00041361570413345206,True
510810.SH,汇添富中证上海国企ETF,中证上海国企指数×100%,被动指数型,股票型,20160829.0,,L,E,中证上海国企指数,950096.CSI,1.014,0.9242049999999999,-0.36139169083998524,6039.3665,950096.CSI,1712.3486,1316.8299,-0.4246572479642622,-0.08855522682445771,-0.009229571171273876,-0.23098024549440466,-0.025921966602545088,False
512660.SH,国泰中证军工ETF,中证军工指数×100%,被动指数型,股票型,20160808.0,,L,E,中证军工指数,399967.SZ,1.001,1.107,-0.5094850948509485,320637.6015,399967.SZ,11155.699,11201.9267,-0.5074300778022085,0.10589410589410608,0.010116242019733601,0.004143864046529,0.00041361570413345206,True
512880.SH,国泰中证全指证券公司ETF,中证全指证券公司指数×100%,被动指数型,股票型,20160808.0,,L,E,中证全指证券公司指数,399975.SZ,1.051,1.063,-0.45446584938704027,2427166.8725,399975.SZ,882.8529,739.5515,-0.5052807819689908,0.011417697431018059,0.0011359454443444772,-0.16231628168180678,-0.01755554129657322,True
159949.SZ,华安创业板50ETF,创业板50指数×100%,被动指数型,股票型,20160722.0,,L,E,创业板50指数,399673.SZ,0.943,1.676,-0.5899053627760252,2408944.46465,399673.SZ,2024.263,3728.4769,-0.5947779509460072,0.7773064687168612,0.059195756472253835,0.8418935187769574,0.06298332539917428,True
159948.SZ,南方创业板ETF,创业板指数×100%,被动指数型,股票型,20160531.0,,L,E,创业板指数,399006.SZ,2.183,3.934,-0.5598731165741475,128678.8529,399006.SZ,2170.857,3545.5775,-0.5704597874670019,0.8021071919377005,0.0606645697227004,0.6332616565715752,0.05028116359380297,True
510580.SH,易方达中证500ETF,中证小盘500指数×100%,被动指数型,股票型,20150914.0,,L,E,中证小盘500指数,000905.SH,6.599,10.281672499999999,-0.4361933206625034,225194.83299999998,000905.SH,6356.9538,7854.3336,-0.4180801038538581,0.5580652371571448,0.045342394399754626,0.2355498949827195,0.02137689392204667,True
510360.SH,广发沪深300ETF,沪深300指数×100%,被动指数型,股票型,20150909.0,,L,E,沪深300指数,000300.SH,1.019,1.791,-0.4099030117406841,69826.71049999999,000300.SH,3314.1142,4618.8952,-0.4560262048486471,0.7576054955839058,0.058015767965155396,0.3937042966111428,0.0337536688330049,True
512330.SH,南方中证500信息技术指数ETF,中证500信息技术指数×100%,被动指数型,股票型,20150720.0,,L,E,中证500信息技术指数,H30257.CSI,0.865,1.876,-0.559593023255814,16084.384999999998,H30257.CSI,7674.0766,13344.0016,-0.5903984347217343,1.16878612716763,0.08049229098266553,0.7388413349952747,0.05688076899772154,True
159944.SZ,广发中证全指原材料ETF,中证全指原材料指数×100%,被动指数型,股票型,20150706.0,,L,E,中证全指原材料指数,000987.SH,0.817,1.527,-0.5170199100834939,7724.78385,000987.SH,3237.5738,5044.1331,-0.5251505945616661,0.8690330477356181,0.06453929747145604,0.5579978748283667,0.0453378748156954,False
159945.SZ,广发中证全指能源ETF,中证全指能源指数×100%,被动指数型,股票型,20150706.0,,L,E,中证全指能源指数,000986.SH,0.655,1.401,-0.4,9771.585500000001,000986.SH,1955.6228,2739.4817,-0.4627086864195551,1.1389312977099237,0.07899562444178976,0.4008231546492502,0.0342804868140818,False
512510.SH,华泰柏瑞中证500ETF,中证小盘500指数×100%,被动指数型,股票型,20150612.0,,L,E,中证小盘500指数,000905.SH,1.281,2.406256,-0.37753623188405794,18402.422,000905.SH,6356.9538,7854.3336,-0.4180801038538581,0.8784199843871976,0.06507274177416988,0.2355498949827195,0.02137689392204667,True
512500.SH,华夏中证500ETF,中证小盘500指数×100%,被动指数型,股票型,20150529.0,,L,E,中证小盘500指数,000905.SH,3.051,4.45,-0.39869934967483744,571749.6185,000905.SH,6356.9538,7854.3336,-0.4180801038538581,0.45853818420190096,0.038464800338234184,0.2355498949827195,0.02137689392204667,True
159940.SZ,广发中证全指金融地产ETF,中证全指金融地产指数×100%,被动指数型,股票型,20150417.0,,L,E,中证全指金融地产指数,000992.SH,0.789,1.197,-0.3530844155844155,3852.13045,000992.SH,5426.3319,5357.7495,-0.40613199641948516,0.5171102661596958,0.04256157580948927,-0.012638814076227134,-0.0012711277622728945,False
159939.SZ,广发中证全指信息技术ETF,中证全指信息技术指数×100%,被动指数型,股票型,20150205.0,,L,E,中证全指信息技术指数,000993.SH,1.174,2.216,-0.5319402985074626,52181.5542,000993.SH,6461.4416,10443.5359,-0.5476175967206054,0.8875638841567295,0.06559007285688812,0.6162857372261943,0.0491843745856797,True
159938.SZ,广发中证全指医药卫生ETF,中证全指医药卫生指数×100%,被动指数型,股票型,20150108.0,,L,E,中证全指医药卫生指数,000991.SH,1.306,1.326,-0.5601694915254236,53809.9011,000991.SH,9932.7337,8785.7728,-0.5779145984348282,0.015313935681470214,0.0015209415511008295,-0.1154728330227961,-0.012195233122095694,True
512220.SH,景顺长城中证科技传媒通信150ETF,中证科技传媒通信150指数×100%,被动指数型,股票型,20140819.0,,L,E,中证科技传媒通信150指数,H30318.CSI,1.464,3.869,-0.4468610973801286,38336.7995,H30318.CSI,1965.1324,4167.578,-0.5387825283617187,1.6427595628415301,0.10206133383325788,1.1207619395008703,0.07807553860992367,True
512070.SH,易方达沪深300非银行金融ETF,沪深300非银行金融指数×100%,被动指数型,股票型,20140718.0,,L,E,沪深300非银行金融指数,H30035.CSI,1.702,2.309104,-0.4462289199856476,576799.6285,H30035.CSI,8700.7789,9230.1261,-0.482872211552826,0.3567003525264396,0.030975616107556725,0.060839058903105814,0.005923490898358308,True
512640.SH,嘉实中证金融地产ETF,中证金融地产指数×100%,被动指数型,股票型,20140725.0,,L,E,中证金融地产指数,000934.SH,1.666,2.355,-0.3341847594721158,4318.0560000000005,000934.SH,5547.3317,5615.1803,-0.40478258251976607,0.4135654261704682,0.035217467706242234,0.012230853258693664,0.0012164052934255931,False
159936.SZ,广发中证全指可选消费ETF,中证全指可选消费指数×100%,被动指数型,股票型,20140625.0,,L,E,中证全指可选消费指数,000989.SH,1.509,1.906,-0.3764705882352941,1422.2017,000989.SH,5694.0672,4611.2915,-0.40410230797372804,0.26308813783962903,0.023630848944872662,-0.19015857417348359,-0.020870808172671618,False
159935.SZ,景顺长城中证500ETF,中证小盘500指数×100%,被动指数型,股票型,20140121.0,,L,E,中证小盘500指数,000905.SH,1.603,2.475,-0.4159966144731274,2828.27765,000905.SH,6356.9538,7854.3336,-0.4180801038538581,0.5439800374298192,0.04439351888780063,0.2355498949827195,0.02137689392204667,False
512120.SH,华安中证细分医药ETF,中证细分医药产业主题指数×100%,被动指数型,股票型,20140106.0,,L,E,中证细分医药产业主题指数,000814.SH,1.421,1.4764580999999999,-0.6007165380374863,16989.6865,000814.SH,8503.5845,8724.0462,-0.6242982865313177,0.039027515833919724,0.003835857618788019,0.025925737552205064,0.002562814767212984,True
512010.SH,易方达沪深300医药卫生ETF,沪深300医药卫生指数×100%,被动指数型,股票型,20131028.0,,L,E,沪深300医药卫生指数,000913.SH,1.284,1.51514,-0.663248595505618,583095.693,000913.SH,7929.6689,8328.5783,-0.6644455167418525,0.18001557632398746,0.016690519893699296,0.05030593395898286,0.004920213432980658,True
159933.SZ,国投瑞银沪深300金融地产ETF,沪深300金融地产指数×100%,被动指数型,股票型,20131016.0,,L,E,沪深300金融地产指数,000914.SH,1.561,2.864,-0.40680611926319077,121.9983,000914.SH,5603.5844,6003.8041,-0.40067001781877254,0.83472133247918,0.06256868109354286,0.07142208833331765,0.00692253277967958,False
159928.SZ,汇添富中证主要消费ETF,中证主要消费指数×100%,被动指数型,股票型,20130916.0,,L,E,中证主要消费指数,000932.SH,1.454,2.636,-0.5996680497925311,335300.89555,000932.SH,8041.3104,12376.7789,-0.639673084375879,0.8129298486932601,0.06129984289285795,0.539149502300023,0.04406630633979702,True
159929.SZ,汇添富中证医药卫生ETF,中证医药卫生指数×100%,被动指数型,股票型,20130916.0,,L,E,中证医药卫生指数,000933.SH,1.448,1.362,-0.606622998544396,94101.5776,000933.SH,9405.4391,8109.6753,-0.6219189126883206,-0.05939226519337004,-0.006104201818107113,-0.137767496681787,-0.014713711607745372,True
159930.SZ,汇添富中证能源ETF,中证能源指数×100%,被动指数型,股票型,20130916.0,,L,E,中证能源指数,000928.SH,0.79,1.76,-0.4233954451345755,112686.02995,000928.SH,1967.9993,3475.6974,-0.4527112479332668,1.2278481012658227,0.08339931747495521,0.7661070306275009,0.05852641950125248,True
159931.SZ,汇添富中证金融地产ETF,中证金融地产指数×100%,被动指数型,股票型,20130916.0,,L,E,中证金融地产指数,000934.SH,1.493,1.842,-0.3681818181818183,435.7614,000934.SH,5547.3317,5615.1803,-0.40478258251976607,0.23375753516409903,0.021228630297244644,0.012230853258693664,0.0012164052934255931,False
510510.SH,广发中证500ETF,中证小盘500指数×100%,被动指数型,股票型,20130524.0,,L,E,中证小盘500指数,000905.SH,1.743,2.558,-0.39164835164835166,86137.9595,000905.SH,6356.9538,7854.3336,-0.4180801038538581,0.4675846242111301,0.0391071072453284,0.2355498949827195,0.02137689392204667,True
510630.SH,华夏上证主要消费ETF,上证主要消费行业指数×100%,被动指数型,股票型,20130508.0,,L,E,上证主要消费行业指数,000036.SH,1.558,3.1948219000000004,-0.5694237373737374,45211.9355,000036.SH,6102.3792,9247.6047,-0.6227907281210774,1.0505917201540438,0.07445422990458095,0.5154097110189415,0.04244465429016753,True
510650.SH,华夏上证金融地产ETF,上证金融地产行业指数×100%,被动指数型,股票型,20130508.0,,L,E,上证金融地产行业指数,000038.SH,1.48,2.869,-0.2887089090042878,1284.3015,000038.SH,4336.2534,5295.7273,-0.3995466891888326,0.9385135135135136,0.06843199122613641,0.22126794988503207,0.02019007933380923,False
510660.SH,华夏上证医药卫生ETF,上证医药卫生行业指数×100%,被动指数型,股票型,20130508.0,,L,E,上证医药卫生行业指数,000037.SH,1.526,2.559,-0.549899193548387,15264.04,000037.SH,6038.1518,6592.2928,-0.5848879148089081,0.6769331585845348,0.05305626253454432,0.09177328069161828,0.008818983844309125,True
510310.SH,易方达沪深300ETF,沪深300指数×100%,被动指数型,股票型,20130325.0,,L,E,沪深300指数,000300.SH,1.372,2.4206,-0.4103827207275482,1131459.2105,000300.SH,3314.1142,4618.8952,-0.4560262048486471,0.764285714285714,0.058417207165993856,0.3937042966111428,0.0337536688330049,True
159925.SZ,南方沪深300ETF,沪深300指数×100%,被动指数型,股票型,20130411.0,,L,E,沪深300指数,000300.SH,1.331,2.5134929999999995,-0.408752802359882,94687.9362,000300.SH,3314.1142,4618.8952,-0.4560262048486471,0.8884244928625091,0.06563864700062538,0.3937042966111428,0.0337536688330049,True
159923.SZ,大成中证A100ETF,中证A100指数×100%,被动指数型,股票型,20130305.0,,L,E,中证A100指数,000903.SH,1.252,2.188,-0.5065394132202192,3106.4738500000003,000903.SH,3096.0044,4509.8362,-0.500609083362952,0.7476038338658149,0.05741215633042551,0.45666336908306726,0.038331238076009244,False
159922.SZ,嘉实中证500ETF,中证小盘500指数×100%,被动指数型,股票型,20130315.0,,L,E,中证小盘500指数,000905.SH,6.368,9.5443108,-0.39767007047317715,573255.29885,000905.SH,6356.9538,7854.3336,-0.4180801038538581,0.498792525125628,0.041295884285342144,0.2355498949827195,0.02137689392204667,True
510500.SH,南方中证500ETF,中证小盘500指数×100%,被动指数型,股票型,20130315.0,,L,E,中证小盘500指数,000905.SH,1.8597905,2.6752266,-0.3947213062817094,2940989.1210000003,000905.SH,6356.9538,7854.3336,-0.4180801038538581,0.43845589059627943,0.03702602359201923,0.2355498949827195,0.02137689392204667,True
510330.SH,华夏沪深300ETF,沪深300指数×100%,被动指数型,股票型,20130116.0,,L,E,沪深300指数,000300.SH,3.6434636,6.1271193,-0.42083295909694596,678342.7355,000300.SH,3314.1142,4618.8952,-0.4560262048486471,0.681674355138336,0.05335361522550519,0.3937042966111428,0.0337536688330049,True
159919.SZ,嘉实沪深300ETF,沪深300指数×100%,被动指数型,股票型,20120528.0,,L,E,沪深300指数,000300.SH,1.358721,2.2734088,-0.42002439899059374,1044316.3874,000300.SH,3314.1142,4618.8952,-0.4560262048486471,0.6731976616244246,0.0528214507183522,0.3937042966111428,0.0337536688330049,True
510300.SH,华泰柏瑞沪深300ETF,沪深300指数×100%,被动指数型,股票型,20120528.0,,L,E,沪深300指数,000300.SH,3.5842256,5.930027999999999,-0.42155347080635797,4529753.9895,000300.SH,3314.1142,4618.8952,-0.4560262048486471,0.6544795617775843,0.05163768544016856,0.3937042966111428,0.0337536688330049,True
510410.SH,博时上证自然资源ETF,上证自然资源指数×100%,被动指数型,股票型,20120511.0,,L,E,上证自然资源指数,000068.SH,0.668,1.99,-0.41149943630214203,20031.3825,000068.SH,1907.6529,4325.8797,-0.43173091581865075,1.9790419161676644,0.11534098512807978,1.2676450731681852,0.08531925508682359,True
159915.SZ,易方达创业板ETF,创业板指数P×100%,被动指数型,股票型,20111209.0,,L,E,创业板指数,399006.SZ,2.081,3.56,-0.5658465991316932,6443425.13765,399006.SZ,2170.857,3545.5775,-0.5704597874670019,0.7107160019221528,0.055158718560101905,0.6332616565715752,0.05028116359380297,True
510290.SH,南方上证380ETF,上证380指数×100%,被动指数型,股票型,20111108.0,,L,E,上证380指数,000009.SH,1.532,2.664,-0.3486997635933805,3773.7084999999997,000009.SH,5558.1731,6945.5603,-0.3739514482616414,0.7389033942558747,0.05688454094541884,0.2496120892672451,0.022533445010498587,False
159916.SZ,建信深证基本面60ETF,深证基本面60指数×100%,被动指数型,股票型,20111024.0,,L,E,深证基本面60指数,399701.SZ,2.54,5.136,-0.3917623015249174,238.7674,399701.SZ,5069.701,7726.036,-0.4738064959627394,1.0220472440944883,0.0729491247900591,0.523962853036106,0.04303153267510096,False
159910.SZ,嘉实深证基本面120ETF,深证基本面120指数×100%,被动指数型,股票型,20110927.0,,L,E,深证基本面120指数,399702.SZ,1.323,2.372,-0.39405869720830344,758.2266,399702.SZ,5100.873,7369.3027,-0.45891337746195526,0.7928949357520785,0.060121113483432964,0.4447140126797904,0.037476309544060005,False
510270.SH,中银上证国有企业100ETF,上证国有企业100指数×100%,被动指数型,股票型,20110818.0,,L,E,上证国有企业100指数,000056.SH,0.981,1.538,-0.29767441860465116,2004.5625,000056.SH,914.0867,1251.0712,-0.31172565998475665,0.5677879714576963,0.045992890788186136,0.3686570431448135,0.031880638352699275,False
159907.SZ,广发国证2000ETF,国证2000指数×100%,被动指数型,股票型,20110810.0,,L,E,国证2000指数,399303.SZ,1.47,2.13,-0.49317073170731707,9881.2416,399303.SZ,8833.23,9887.5858,-0.5223142312599572,0.44897959183673475,0.03778222257762254,0.1193624302774865,0.011339739336634347,False
510230.SH,国泰上证180金融ETF,上证180金融股指数×100%,被动指数型,股票型,20110523.0,,L,E,上证180金融股指数,000018.SH,5.223,8.2175472,-0.3536302253205652,85574.52900000001,000018.SH,4574.1547,5327.8387,-0.3993708757045673,0.5733385410683516,0.04636262364848287,0.16477011588611123,0.015369285306569669,True
510150.SH,招商上证消费80ETF,上证消费80指数×100%,被动指数型,股票型,20110225.0,,L,E,上证消费80指数,000069.SH,3.8,6.0456672,-0.5407897821712886,35027.4755,000069.SH,3642.8211,4332.6175,-0.5828722030443403,0.5909650526315788,0.04752902194583153,0.1893577480376405,0.01749257945566174,True
510170.SH,国联安上证大宗商品股票ETF,上证大宗商品股票指数×100%,被动指数型,股票型,20110125.0,,L,E,上证大宗商品股票指数,000066.SH,1.717,5.6962048,-0.3678665496049166,19287.658499999998,000066.SH,1672.4287,3896.4272,-0.3961158640216883,2.3175333721607454,0.12740908462025202,1.3298016830254111,0.08825806775725153,True
510190.SH,华安上证50ETF,上证50指数收益率×100%,被动指数型,股票型,20110110.0,,L,E,上证50指数,000016.SH,3.11,4.2771375,-0.32399999999999995,1210.089,000016.SH,2229.893,2883.5477,-0.45407895671295795,0.37528536977491966,0.03237928640427401,0.2931327646662867,0.026040046237546965,False
510160.SH,南方中证南方小康产业ETF,中证南方小康产业指数×100%,被动指数型,股票型,20101101.0,,L,E,中证南方小康产业指数,000901.SH,0.478,0.898,-0.2953523238380811,347.97749999999996,000901.SH,4527.7055,5890.0861,-0.29776274111340273,0.878661087866109,0.06508641166239815,0.30089867814945137,0.026654576028098065,False
510030.SH,华宝上证180价值ETF,上证180价值指数×100%,被动指数型,股票型,20100528.0,,L,E,上证180价值指数,000029.SH,3.875,8.456502,-0.24689226519337015,5625.2675,000029.SH,3334.4817,4108.7065,-0.36394992853127994,1.1823230967741938,0.08116481788432406,0.23218744910191003,0.021098593740941363,False
510020.SH,博时上证超级大盘ETF,上证超级大盘指数×100%,被动指数型,股票型,20100319.0,,L,E,上证超级大盘指数,000043.SH,0.2140768,0.3921388,-0.4055288461538462,3233.221,000043.SH,1932.5064,2532.8313,-0.4633706948097438,0.8317669172932329,0.062397453664579494,0.3106457499959636,0.02742122262268354,False
162711.SZ,广发中证500ETF联接(LOF)-A,活期存款利率(税后)×5%+中证小盘500指数×95%,被动指数型,股票型,20100108.0,,L,E,中证小盘500指数,000905.SH,1.325,1.88,-0.3761792452830188,113.69305,000905.SH,6356.9538,7854.3336,-0.4180801038538581,0.4188679245283018,0.03560513953516131,0.2355498949827195,0.02137689392204667,False
510010.SH,交银上证180公司治理ETF,上证180公司治理指数×100%,被动指数型,股票型,20091215.0,,L,E,上证180公司治理指数,000021.SH,0.94,1.754,-0.27216174183514774,44.805,000021.SH,825.8774,1030.3177,-0.3226441460515008,0.8659574468085107,0.06436399157966743,0.24754315834287288,0.022364022121419636,False
160119.SZ,南方中证500ETF联接(LOF)-A,活期存款利率(税后)×5%+中证小盘500指数×95%,被动指数型,股票型,20091111.0,,L,E,中证小盘500指数,000905.SH,1.686686,2.4220200000000003,-0.36950000000000005,936.19735,000905.SH,6356.9538,7854.3336,-0.4180801038538581,0.4359637774902978,0.03684621945498101,0.2355498949827195,0.02137689392204667,False
510060.SH,工银瑞信上证中央企业50ETF,上证中央企业50指数×100%,被动指数型,股票型,20091027.0,,L,E,上证中央企业50指数,000042.SH,1.518,2.613,-0.25962441314553986,357.451,000042.SH,1362.8591,1719.3328,-0.3162646305034559,0.7213438735177866,0.05581241348218069,0.2615631359103814,0.02350719266524104,False
160615.SZ,鹏华沪深300ETF联接(LOF)-A,沪深300指数收益率×95%+银行活期存款利率(税后)×5%,被动指数型,股票型,20090508.0,,L,E,沪深300指数,000300.SH,1.333878,2.6005581,-0.39818027185635596,7.2404,000300.SH,3314.1142,4618.8952,-0.4560262048486471,0.9496221543499483,0.06904268242716882,0.3937042966111428,0.0337536688330049,False
510880.SH,华泰柏瑞上证红利ETF,上海证券交易所上证红利指数×100%,被动指数型,股票型,20070118.0,,L,E,上证红利指数,000015.SH,3.0955785000000002,6.1426632,-0.2340296699969725,777876.8595,000015.SH,2524.0027,3300.4629,-0.29501297463585685,0.9843344951517139,0.0709309951593704,0.30763049500699813,0.02718461033964581,True
159902.SZ,华夏中小企业100ETF,中小企业100指数×100%,被动指数型,股票型,20060905.0,,L,E,中小企业100指数,399005.SZ,3.4622616,4.8287232,-0.5305129165106701,12617.69175,399005.SZ,6872.163,8605.4918,-0.545032166600635,0.3946731234866827,0.033825507255539344,0.2522246343691208,0.02274702367223802,True
159901.SZ,易方达深证100ETF,深证100指数(价格)×100%,被动指数型,股票型,20060424.0,,L,E,深证100指数,399330.SZ,4.2227779000000005,7.7500287,-0.5284223523913523,407295.75285000005,399330.SZ,3787.864,6136.2575,-0.5481829151597477,0.8352915742975728,0.0626017017140128,0.6199783043953002,0.049423825229045315,True
160706.SZ,嘉实沪深300ETF联接(LOF)-A,活期存款利率(税后)×5%+沪深300指数×95%,被动指数型,股票型,20051017.0,,L,E,沪深300指数,000300.SH,3.2826858000000003,5.3173386,-0.39832936491797155,1674.3094,000300.SH,3314.1142,4618.8952,-0.4560262048486471,0.6198134466600489,0.049413145236734346,0.3937042966111428,0.0337536688330049,False
