ts_code,indx_name,indx_csname,pub_party_name,api,p0,p1,price_return,cagr
931790.CSI,中证韩交所中韩半导体指数,中韩半导体,中证指数有限公司,index_daily,1354.0326,10195.3789,6.529640645284315,0.22370694543600766
H30007.CSI,中证芯片产业指数,芯片产业,中证指数有限公司、上海证券交易所,index_daily,886.1425,4310.8854,3.864776714806027,0.17140289003620146
980080.CNI,国证成长100指数,成长100,深圳证券信息有限公司,index_daily,2606.1629,12553.7813,3.8169595615070726,0.1702463629480555
980017.SZ,国证半导体芯片指数,国证芯片,深圳证券信息有限公司,index_daily,3662.7875,17056.7251,3.656760759394314,0.1662949433160006
932066.CSI,中证半导体行业精选指数,半导体行业精选,中证指数有限公司,index_daily,1457.4302,5717.2263,2.922813113108264,0.14646225717230044
H30184.CSI,中证全指半导体产品与设备指数,半导体,中证指数有限公司,index_daily,3370.2142,13157.8802,2.9041673374944534,0.14591615572452854
931696.CSI,中证科技优势成长50策略指数,科技50策略,中证指数有限公司,index_daily,6790.8726,25947.8056,2.8209825347040085,0.14345085946094405
980092.SZ,国证自由现金流指数,自由现金流,深圳证券信息有限公司,index_daily,1454.1819,5127.3093,2.525906422023269,0.13429776978464303
931160.CSI,中证全指通信设备指数,通信设备,中证指数有限公司,index_daily,6100.3987,20436.6327,2.3500486943582883,0.12850922085387406
931406.CSI,中证5G产业50指数,5G50,中证指数有限公司,index_daily,859.8392,2812.1937,2.270604201343693,0.12580403019292286
932368.CSI,中证800自由现金流指数,800现金流,中证指数有限公司,index_daily,1502.5459,4845.0482,2.22455919649443,0.12420894212357414
930758.CSI,中证浙江凤凰行动50指数,凤凰50,中证指数有限公司,index_daily,2765.2775,8893.478,2.2161249639502723,0.123914544718984
931187.CSI,中证科技100指数,科技100,中证指数有限公司,index_daily,1676.8287,5012.2155,1.9891040748527264,0.11571713681656948
399285.SZ,深证物联网50指数,物联网50,深圳证券信息有限公司、深圳证券交易所,index_daily,2549.9466,7614.2841,1.9860562962377326,0.11560332277742269
932365.CSI,中证全指自由现金流指数,中证现金流,中证指数有限公司,index_daily,1651.9562,4900.2711,1.9663444466626898,0.11486468284334261
931079.CSI,中证5G通信主题指数,5G通信,中证指数有限公司、上海证券交易所,index_daily,911.985,2666.8542,1.924230332735736,0.11327167070800948
931238.CSI,中证沪深港黄金产业股票指数,SSH黄金股票,中证指数有限公司,index_daily,1277.1277,3575.9617,1.8000032416492102,0.10844935092890307
931469.CSI,中证云计算50指数,云计算50,中证指数有限公司,index_daily,1457.7217,4000.8803,1.7446118830501045,0.10623678050818541
931892.CSI,中证有色金属矿业主题指数,有色矿业,中证指数有限公司,index_daily,1500.7244,4062.8974,1.7072908256839163,0.10472324209213868
980081.CNI,国证价值100指数,价值100,深圳证券信息有限公司,index_daily,1670.2597,4492.2654,1.689561030539143,0.10399762817726099
000936.CSI,中证通信服务指数,800通信,中证指数有限公司,index_daily,4716.2106,12611.242,1.674020112672661,0.10335804750564548
399088.SZ,深证创新100指数,深创100,深圳证券信息有限公司,index_daily,2068.8279,5373.22,1.5972290880261233,0.10014777768967176
931494.CSI,中证消费电子主题指数,消费电子,中证指数有限公司,index_daily,2441.3373,6239.7694,1.5558817292473268,0.09838368986042956
932315.CSI,中证全指红利质量指数,中证红利质量,中证指数有限公司,index_daily,1692.2481,4324.6651,1.5555739137777729,0.0983704608517395
931087.CSI,中证科技龙头指数,科技龙头,中证指数有限公司,index_daily,2664.6262,6764.772,1.538732074314964,0.09764445294956392
931470.CSI,中证沪港深云计算产业指数,SHS云计算,中证指数有限公司、上海证券交易所,index_daily,1527.951,3872.4563,1.5344113129282286,0.0974574975790139
931380.CSI,中证科技50指数,科技50,中证指数有限公司,index_daily,1593.0584,3958.477,1.4848285536801415,0.09529131224738885
399296.SZ,创业板动量成长指数,创成长,深圳证券信息有限公司、深圳证券交易所,index_daily,3205.7694,7937.4372,1.4759850786522573,0.09490087366915811
932366.CSI,沪深300自由现金流指数,300现金流,中证指数有限公司,index_daily,1348.248,3328.6623,1.468879835163857,0.0945862675045126
399389.SZ,国证通信指数,国证通信,深圳证券信息有限公司,index_daily,4328.706,10524.0466,1.4312223098542614,0.09290513686631607
931468.CSI,中证红利质量指数,红利质量,中证指数有限公司、上海证券交易所,index_daily,13974.5128,33771.3554,1.4166391976112398,0.09224780732497284
931495.CSI,中证工业互联网主题指数,工业互联,中证指数有限公司,index_daily,1536.8557,3666.9901,1.386034095458669,0.09085660236919901
931575.CSI,中证沪港深物联网主题指数,SHS物联网,中证指数有限公司,index_daily,2364.0638,5615.2171,1.3752392384672527,0.09036207113906047
931733.CSI,中证绿色能源指数,绿色能源,中证指数有限公司,index_daily,1985.6818,4682.8569,1.3583118402958618,0.08958250955790659
000066.SH,上证大宗商品股票指数,上证商品,中证指数有限公司、上海证券交易所,index_daily,1672.4287,3896.4272,1.3298016830254111,0.08825806775725153
931461.CSI,中证电子50指数,电子50,中证指数有限公司,index_daily,3242.4812,7541.4782,1.3258355977514995,0.08807266853409601
000811.CSI,中证细分有色金属产业主题指数,细分有色,中证指数有限公司,index_daily,4907.7841,11307.6737,1.3040283495763392,0.08704815145662503
399610.SZ,深证电子信息传媒产业50指数,TMT50,深圳证券信息有限公司、深圳证券交易所,index_daily,5184.71,11885.6349,1.2924396735786572,0.08650015243282771
930632.CSI,中证稀有金属主题指数,CS稀金属,中证指数有限公司,index_daily,1224.6208,2790.9512,1.2790329871908104,0.08586306506077857
000068.SH,上证自然资源指数,上证资源,中证指数有限公司、上海证券交易所,index_daily,1907.6529,4325.8797,1.2676450731681852,0.08531925508682359
931442.CSI,中证沪港深科技100指数,SHS科技100,中证指数有限公司、上海证券交易所,index_daily,4283.4393,9699.239,1.264357755694122,0.08516181781534904
399276.SZ,创业板科技指数,创科技,深圳证券信息有限公司、深圳证券交易所,index_daily,3948.949,8921.4895,1.2592060571053207,0.08491467672787589
930652.CSI,中证电子指数,CS电子,中证指数有限公司,index_daily,5540.4402,12504.1712,1.2568912845589417,0.08480346556379725
931752.CSI,中证工程机械主题指数,工程机械主题,中证指数有限公司,index_daily,1036.9614,2337.3701,1.2540569976857388,0.08466715491428967
399293.SZ,创业板大盘指数,创业大盘,深圳证券信息有限公司、深圳证券交易所,index_daily,3182.7203,7118.7459,1.2366859883980381,0.08382833734102935
931186.CSI,中证科技50策略指数,中证科技,中证指数有限公司,index_daily,3335.8214,7424.6666,1.225738644161225,0.08329669114502103
931159.CSI,中证研发创新100指数,创新100,中证指数有限公司,index_daily,1835.4229,4052.3976,1.2078822270333447,0.08242444184665776
930708.CSI,中证有色金属指数,中证有色,中证指数有限公司,index_daily,1403.5841,3081.8245,1.1956821112464868,0.08182483306162136
931524.CSI,中证沪港深科技龙头指数,SHS科技龙头,中证指数有限公司,index_daily,1275.9606,2786.6737,1.1839809943974755,0.08124692525442967
980030.SZ,国证消费电子主题指数,消费电子,深圳证券信息有限公司,index_daily,4122.3669,8964.1231,1.174508799786841,0.0807770573689286
H11052.CSI,中证智能电动汽车指数,智能电车,中证指数有限公司,index_daily,1655.2558,3591.2223,1.169587504239526,0.08053220906378944
930850.CSI,中证智能制造主题指数,智能制造,中证指数有限公司、上海证券交易所,index_daily,2691.9089,5819.0274,1.1616732275003807,0.08013740124366198
931719.CSI,中证电池主题指数,CS电池,中证指数有限公司,index_daily,1733.1862,3736.5879,1.1559067917803638,0.07984891951197737
H11059.CSI,中证工业有色金属主题指数,工业有色,中证指数有限公司,index_daily,1885.0376,4048.1023,1.1474915407522905,0.07942667486504451
399364.SZ,国证消费100指数,消费100,深圳证券信息有限公司,index_daily,5672.201,12044.6796,1.1234578252780532,0.07821250387942924
399395.SZ,国证有色金属行业指数,国证有色,深圳证券信息有限公司,index_daily,4615.298,9791.9277,1.1216241508132305,0.07811936054454893
H30318.CSI,中证科技传媒通信150指数,科技传媒通信150,中证指数有限公司,index_daily,1965.1324,4167.578,1.1207619395008703,0.07807553860992367
000819.SH,中证申万有色金属指数,有色金属,中证指数有限公司,index_daily,4421.537,9354.3852,1.1156410542306894,0.07781493844682008
987008.CNI,国证港股通科技指数,港股通科技,深圳证券信息有限公司,index_daily,1245.761,2624.8299,1.1070092096317032,0.07737437899339072
000033.SH,上证原材料行业指数,上证材料,中证指数有限公司,index_daily,1752.0353,3675.4168,1.0977983719848567,0.07690247331473721
399667.SZ,创业板成长指数,创业成长,深圳证券信息有限公司、深圳证券交易所,index_daily,3166.225,6597.9763,1.0838621070833563,0.0761849089345843
930938.CSI,中证500成长估值指数,500成长估值,中证指数有限公司,index_daily,2353.8511,4898.4052,1.0810174441365472,0.07603790949865585
931165.CSI,中证新兴科技100策略指数,新兴科技100,中证指数有限公司、上海证券交易所,index_daily,5063.6672,10442.9323,1.0623259561765828,0.07506749437971272
399850.SZ,深证50指数,深证50,深圳证券信息有限公司、深圳证券交易所,index_daily,4678.6625,9635.6887,1.0594964265962763,0.07491990301552187
980032.SZ,国证新能源车电池指数,新能电池,深圳证券信息有限公司,index_daily,6925.0318,14085.3117,1.033970688769978,0.07358014014422132
930713.CSI,中证人工智能主题指数,CS人工智,中证指数有限公司,index_daily,2989.1702,6020.1074,1.0139727741163753,0.07251990124700392
932367.CSI,中证500自由现金流指数,500现金流,中证指数有限公司,index_daily,1736.0479,3453.593,0.989341999146452,0.07120094012997735
931447.CSI,中证科技先锋指数,科技先锋,中证指数有限公司、上海证券交易所,index_daily,1635.301,3243.0442,0.9831481788368013,0.07086695329370274
000171.CSI,中国战略新兴产业成份指数,新兴成指,中证指数有限公司、上海证券交易所,index_daily,1147.2434,2260.7573,0.9705995257850253,0.07018740973939597
980027.SZ,国证新能源电池指数,新能源电池,深圳证券信息有限公司,index_daily,1549.8136,3008.6919,0.9413250083752007,0.06858684866401465
931573.CSI,中证港股通科技指数,港股通科技,中证指数有限公司,index_daily,1551.9982,2991.4843,0.9275050061269401,0.06782368970742403
931573CNY00.CSI,中证港股通科技人民币指数,港股通科技CNY,中证指数有限公司,index_daily,1672.429,3208.2322,0.9183069654974889,0.06731302742099632
931994.CSI,中证电网设备主题指数,电网设备主题,中证指数有限公司,index_daily,1500.6198,2854.8559,0.9024511738416354,0.06642753985741834
931590.CSI,中证智选500成长创新策略指数,500成长创新,中证指数有限公司,index_daily,15387.0048,29089.9443,0.8905527539706752,0.06575868399010965
930738.CSI,中证四川国企改革指数,四川国改,中证指数有限公司,index_daily,1332.3652,2518.0084,0.8898785408084813,0.06572067056415865
931409.CSI,中证沪港深创新药产业指数,SHS创新药,中证指数有限公司,index_daily,1280.125,2399.577,0.8744864759300852,0.06484949959440134
399365.SZ,国证粮食产业指数,国证粮食,深圳证券信息有限公司,index_daily,6143.012,11505.6453,0.8729648094452689,0.06476302588373217
930050.CSI,中证A50指数,中证A50,中证指数有限公司,index_daily,957.496,1790.4617,0.8699417021063274,0.06459104009488037
980028.SZ,国证龙头家电指数,龙头家电,深圳证券信息有限公司,index_daily,6092.1342,11239.7469,0.844960490200626,0.06316019225868352
399673.SZ,创业板50指数,创业板50,深圳证券信息有限公司、深圳证券交易所,index_daily,2024.263,3728.4769,0.8418935187769574,0.06298332539917428
H30089.CSI,中证红利潜力指数,红利潜力,中证指数有限公司,index_daily,5192.3273,9493.4471,0.8283606851979457,0.06219973178225935
931139.CSI,中证消费50指数,CS消费50,中证指数有限公司,index_daily,7625.0325,13849.0096,0.8162558126801425,0.06149438623600045
H30205.CSI,中证饮料主题指数,饮料指数,中证指数有限公司,index_daily,9758.4841,17700.0661,0.8138130798409562,0.061351536434075316
931071.CSI,中证人工智能产业指数,人工智能,中证指数有限公司,index_daily,1480.9584,2683.2889,0.8118597389366238,0.061237181389647066
930712.CSI,中证物联网主题指数,CS物联网,中证指数有限公司,index_daily,2565.5453,4619.0425,0.8004135417137241,0.06056484452470157
930914.CSI,中证港股通高股息投资指数,港股通高股息,中证指数有限公司,index_daily,3023.3059,5403.7463,0.7873633958111881,0.059793583987748145
930915.CSI,中证港股通高股息投资人民币指数,港股通高股息CNY,中证指数有限公司,index_daily,3294.5718,5860.4967,0.7788341113100037,0.05928676199501903
930939.CSI,中证500质量成长指数,500质量成长,中证指数有限公司,index_daily,13354.3743,23653.4172,0.7712111903288499,0.05883194312051332
000928.SH,中证能源指数,800能源,中证指数有限公司,index_daily,1967.9993,3475.6974,0.7661070306275009,0.05852641950125248
931167.CSI,中证先进制造100策略指数,先进制造100,中证指数有限公司,index_daily,4336.9402,7611.942,0.7551411015535792,0.057867326556994
000815.CSI,中证细分食品饮料产业主题指数,细分食品,中证指数有限公司,index_daily,8880.965,15452.1857,0.7399219228991443,0.05694642957894103
H30257.CSI,中证500信息技术指数,500信息,中证指数有限公司,index_daily,7674.0766,13344.0016,0.7388413349952747,0.05688076899772154
932422.CSI,中证A500红利低波动指数,A500红利低波,中证指数有限公司,index_daily,1742.8902,2977.0847,0.7081309539751843,0.05499916592710652
950175.CSI,上证30年期国债指数,沪30年国债,中证指数有限公司、上海证券交易所,index_daily,146.238,248.2127,0.6973201219929157,0.05432954320754657
931848.CSI,中证800红利低波动指数,800红利低波,中证指数有限公司,index_daily,1834.1585,3106.1539,0.6935035330916057,0.054092226752628925
987016.CNI,国证港股通红利低波动率指数,港股通红利低波,深圳证券信息有限公司,index_daily,1003.613,1692.4677,0.6863748277473487,0.05364766996331061
930598.CSI,中证稀土产业指数,稀土产业,中证指数有限公司,index_daily,1584.7906,2668.0552,0.6835380018028878,0.05347029064820963
931052.CSI,中证国信价值指数,国信价值,中证指数有限公司,index_daily,2102.187,3537.772,0.682900712448512,0.053430405609024234
931663.CSI,中证沪港深消费龙头指数,SHS消费龙头,中证指数有限公司,index_daily,1049.3319,1764.0549,0.6811219596011522,0.05331900960394176
000812.CSI,中证细分机械设备产业主题指数,细分机械,中证指数有限公司,index_daily,4127.3558,6931.8899,0.6794989906128277,0.053217277115217065
931591.CSI,中证智选1000成长创新策略指数,1000成长创新,中证指数有限公司,index_daily,19835.0595,33305.5469,0.6791251319412479,0.05319383001209399
931373.CSI,中证高股息龙头指数,股息龙头,中证指数有限公司,index_daily,1624.3256,2724.3858,0.6772411885892831,0.053075604159145584
930967.CSI,中证港股通信息技术综合指数,港股通信息C,中证指数有限公司,index_daily,3085.3214,5161.6931,0.6729839231659951,0.05280800094038218
399396.SZ,国证食品饮料行业指数,国证食品,深圳证券信息有限公司,index_daily,8677.664,14481.6404,0.6688408769917802,0.05254698823388071
399976.SZ,中证新能源汽车指数,CS新能车,中证指数有限公司,index_daily,2324.2215,3877.298,0.6682136362648738,0.0525074211285772
930977.CSI,中证港股通信息技术综合人民币指数,港股通信息CCNY,中证指数有限公司,index_daily,3362.1516,5597.984,0.6650004717217393,0.052304520596059056
931589.CSI,中证智选300成长创新策略指数,300成长创新,中证指数有限公司,index_daily,5516.6657,9168.0898,0.661889680935352,0.05210774859920431
000807.CSI,中证申万食品饮料指数,食品饮料,中证指数有限公司,index_daily,9086.0732,15096.3789,0.6614855028902913,0.05208215812807038
399750.SZ,深证主板50指数,深主板50,深圳证券信息有限公司、深圳证券交易所,index_daily,5339.2753,8865.1355,0.6603630646278906,0.05201106172561243
399987.SZ,中证酒指数,中证酒,中证指数有限公司,index_daily,2292.5289,3800.8464,0.6579273657139066,0.05185663313419675
931078.CSI,中证可转债及可交换债券指数,中证转债及可交换债,中证指数有限公司,index_daily,317.798,525.2045,0.6526362658040643,0.05152046114132869
H50040.CSI,上证红利低波动指数,上红低波,中证指数有限公司,index_daily,6483.6635,10682.6125,0.6476198217257882,0.05120084376616241
H30597.CSI,中证新材料主题指数,新材料,中证指数有限公司,index_daily,2792.252,4587.8104,0.6430502691017861,0.05090893643089456
399006.SZ,创业板指数,创业板指,深圳证券信息有限公司、深圳证券交易所,index_daily,2170.857,3545.5775,0.6332616565715752,0.05028116359380297
931454.CSI,中证港股通消费主题指数,港股通消费,中证指数有限公司,index_daily,836.7389,1366.5756,0.6332162876615393,0.050278246075530664
931455.CSI,中证港股通消费主题人民币指数,港股通消费CNY,中证指数有限公司,index_daily,911.8152,1482.0851,0.6254226733662698,0.04977597983104176
399330.SZ,深证100指数,深证100,深圳证券信息有限公司、深圳证券交易所,index_daily,3787.864,6136.2575,0.6199783043953002,0.049423825229045315
399337.SZ,深证民营指数,深证民营,深圳证券信息有限公司,index_daily,4361.335,7051.4204,0.6168032036062352,0.0492179601965026
000993.SH,中证全指信息技术指数,全指信息,中证指数有限公司,index_daily,6461.4416,10443.5359,0.6162857372261943,0.0491843745856797
931596.CSI,中证沪港深张江自主创新50指数,SHS张江50,中证指数有限公司,index_daily,1340.4815,2144.9206,0.6001120492897514,0.04812972932323567
H11098.CSI,上证城投债指数,沪城投债,中证指数有限公司,index_daily,158.474,252.3955,0.5926618877544583,0.04764069199885168
931574.CSI,中证香港科技指数,港股科技,中证指数有限公司,index_daily,1021.1273,1604.8346,0.5716302952628922,0.046248959714313864
399550.SZ,央视财经50指数,央视50,深圳证券信息有限公司、中央广播电视总台,index_daily,4992.088,7841.9018,0.570866098514289,0.046198075288315765
931393.CSI,中证湖北新旧动能转换指数,湖北指数,中证指数有限公司,index_daily,2132.8305,3337.1565,0.5646609048398361,0.045784072437969225
000987.SH,中证全指原材料指数,全指材料,中证指数有限公司,index_daily,3237.5738,5044.1331,0.5579978748283667,0.0453378748156954
930648.CSI,中证智能消费主题指数,CS智消费,中证指数有限公司,index_daily,2451.8118,3806.9718,0.5527177901664393,0.04498306636573113
399362.SZ,国证民企领先100指数,民企100,深圳证券信息有限公司,index_daily,5670.557,8789.3319,0.549994453807624,0.044799640310509314
000151.SH,上证国有企业红利指数,上国红利,中证指数有限公司、上海证券交易所,index_daily,1092.8453,1692.0346,0.5482837323818843,0.044684268964324314
000824.CSI,中证国有企业红利指数,国企红利,中证指数有限公司,index_daily,1394.6,2155.5024,0.5456061953248244,0.04450346489275625
930997.CSI,中证新能源汽车产业指数,新能源车,中证指数有限公司,index_daily,1696.418,2619.6826,0.5442435767599731,0.044411344094278826
399326.SZ,深证成长40指数,成长40,深圳证券信息有限公司、深圳证券交易所,index_daily,4926.895,7586.6425,0.5398425377443601,0.044113308166770615
000932.SH,中证主要消费指数,800消费,中证指数有限公司,index_daily,8041.3104,12376.7789,0.539149502300023,0.04406630633979702
932431.CSI,沪深300质量指数,300质量,中证指数有限公司,index_daily,1248.1296,1919.1751,0.53764088280576,0.04396392551536543
399612.SZ,中小创业企业100指数,中创100,深圳证券信息有限公司,index_daily,1926.922,2961.6027,0.536960344009773,0.04391771189695315
000064.SH,上证非周期行业100指数,非周期,中证指数有限公司,index_daily,2368.4134,3635.1896,0.5348627904233274,0.04377515654315367
H30106.CSI,中证港股通金融服务指数,港股通金融服务,中证指数有限公司,index_daily,1078.4447,1648.4846,0.5285759204899425,0.04334683125424177
399701.SZ,深证基本面60指数,深证F60,中证指数有限公司、深圳证券交易所,index_daily,5069.701,7726.036,0.523962853036106,0.04303153267510096
399998.SZ,中证煤炭指数,中证煤炭,中证指数有限公司,index_daily,1587.053,2414.8155,0.521572058400066,0.0428677861392075
399378.SZ,国证ESG300指数,ESG300,深圳证券信息有限公司,index_daily,1890.96,2870.0051,0.5177502961458729,0.042605550465958375
950109.CSI,上证10年期地方政府债指数,上证10年地债,中证指数有限公司、上海证券交易所,index_daily,122.412,185.7439,0.5173667614286179,0.042579200880981105
000036.SH,上证主要消费行业指数,上证消费,中证指数有限公司、上海证券交易所,index_daily,6102.3792,9247.6047,0.5154097110189415,0.04244465429016753
H30251.CSI,中证500原材料指数,500原料,中证指数有限公司,index_daily,4054.6401,6138.9963,0.5140668835194522,0.042352244835889064
000977.CSI,中证内地低碳经济主题指数,内地低碳,中证指数有限公司,index_daily,1251.5262,1892.7039,0.5123166418729388,0.04223168754411866
000510.SH,中证A500指数,中证A500,中证指数有限公司,index_daily,3791.8221,5725.6025,0.5099871114733996,0.04207103368867782
930697.CSI,中证全指家用电器指数,家用电器,中证指数有限公司,index_daily,7530.8325,11363.5578,0.5089377967176936,0.0419985958120217
980022.SZ,国证机器人产业指数,机器人产业,深圳证券信息有限公司,index_daily,1475.0421,2223.4727,0.5073960939826734,0.04189208438608105
931404.CSI,中证沪港深品牌消费50指数,SHS品牌消费50,中证指数有限公司,index_daily,1503.1085,2264.0828,0.506267045925161,0.04181401977404309
000918.CSI,沪深300成长指数,300成长,中证指数有限公司,index_daily,3563.7195,5342.065,0.49901388142360803,0.041311262136557
399102.SZ,创业板综合指数,创业板综,深圳证券信息有限公司、深圳证券交易所,index_daily,2754.128,4123.6393,0.49725768010782345,0.04118920075485066
000032.SH,上证能源行业指数,上证能源,中证指数有限公司,index_daily,1498.0152,2234.289,0.491499552207481,0.04078808734004569
930851.CSI,中证云计算与大数据主题指数,云计算,中证指数有限公司、上海证券交易所,index_daily,4257.3609,6328.0155,0.4863704648577012,0.04042961776975429
931068.CSI,中证消费龙头指数,消费龙头,中证指数有限公司,index_daily,7183.4247,10669.5788,0.48530530291491747,0.04035503450798861
931586.CSI,中证智选300价值稳健策略指数,300价值稳健,中证指数有限公司,index_daily,4943.9732,7316.266,0.4798352871330287,0.039971260784589235
399372.SZ,国证大盘成长指数,大盘成长,深圳证券信息有限公司,index_daily,3633.863,5374.6458,0.4790446970620523,0.03991568779691068
931021.CSI,中证家电龙头指数,家电龙头,中证指数有限公司,index_daily,10753.9051,15872.9927,0.4760212734255951,0.03970291521335567
950041.CSI,上证投资级可转债及可交换债券指数,上证投资级转债及可交换债,中证指数有限公司、上海证券交易所,index_daily,115.672,170.4905,0.4739133065910506,0.03955433544168474
000821.CSI,沪深300红利指数,300红利,中证指数有限公司,index_daily,4526.4609,6670.7925,0.4737324915365997,0.03954158181157785
931088.CSI,中证180ESG指数,180ESG,中证指数有限公司,index_daily,915.3579,1346.1822,0.4706621311729544,0.039324801384610586
000941.CSI,中证内地新能源主题指数,新能源,中证指数有限公司,index_daily,1564.7106,2294.1871,0.4662053800875381,0.03900941006183922
000861.CSI,中证央企创新驱动指数,央企创新,中证指数有限公司,index_daily,1737.1464,2545.5627,0.46537027621851546,0.03895021622297912
399703.SZ,深证基本面200指数,深证F200,中证指数有限公司,index_daily,5181.69,7581.0276,0.4630415173427975,0.03878498859618151
H30269.CSI,中证红利低波动指数,红利低波,中证指数有限公司,index_daily,7434.7533,10858.774,0.4605426114138851,0.038607425398307305
930703.CSI,中证福建50指数,福建50,中证指数有限公司,index_daily,1984.9883,2897.7807,0.4598477482209844,0.038558002353764165
931395.CSI,中证沪港深300指数,沪港深300,中证指数有限公司、上海证券交易所,index_daily,1172.4173,1709.3711,0.45798863595752115,0.038425666409642956
000903.SH,中证A100指数,中证A100,中证指数有限公司,index_daily,3096.0044,4509.8362,0.45666336908306726,0.038331238076009244
H11153.CSI,中证香港内地国有企业指数,内地国有,中证指数有限公司,index_daily,644.1243,937.1873,0.4549789535963791,0.03821110791972537
950102.CSI,上证周期产业债指数,上证周期债,中证指数有限公司,index_daily,174.4437,253.4747,0.45304588242510335,0.038073089644873326
930653.CSI,中证食品饮料指数,CS食品饮,中证指数有限公司,index_daily,8689.5868,12587.7544,0.448602182096852,0.037755188723187505
930965.CSI,中证港股通医药卫生综合指数,港股通医药C,中证指数有限公司,index_daily,2487.4233,3602.9517,0.44846745626287254,0.037745536778247546
H11077.CSI,上证10年期国债指数,10年国债,中证指数有限公司,index_daily,132.245,191.5242,0.4482528640024197,0.03773016142359964
000028.SH,上证180成长指数,180成长,中证指数有限公司,index_daily,2664.5206,3857.5237,0.4477364896334448,0.03769315523034855
399702.SZ,深证基本面120指数,深证F120,中证指数有限公司、深圳证券交易所,index_daily,5100.873,7369.3027,0.4447140126797904,0.037476309544060005
930975.CSI,中证港股通医药卫生综合人民币指数,港股通医药CCNY,中证指数有限公司,index_daily,2710.6072,3907.4904,0.44155538286772056,0.03724925892180986
950045.CSI,上证5年期地方政府债指数,上证5年期地债,中证指数有限公司、上海证券交易所,index_daily,117.865,169.674,0.4395622110041151,0.03710575396010363
399974.SZ,中证国有企业改革指数,国企改革,中证指数有限公司,index_daily,1350.9641,1939.1879,0.4354103858126208,0.03680625454722919
930865.CSI,中证5年期地方政府债指数,5年地债,中证指数有限公司,index_daily,114.418,164.1651,0.4347838626789491,0.03676099148289236
H11146.CSI,中证港股通内地金融指数,港股通内地金融,中证指数有限公司,index_daily,805.1036,1154.0616,0.43343241789007014,0.03666329596834239
H11017.CSI,中证金边中期国债指数,中期国债,中证指数有限公司,index_daily,149.8406,214.4003,0.4308558561564755,0.03647680723628777
950113.CSI,上证3-5年期中高等级可质押信用债指数,沪质中高债3-5,中证指数有限公司,index_daily,151.769,215.518,0.420039665544347,0.03569063095290148
399012.SZ,创业板300指数,创业300,深圳证券信息有限公司、深圳证券交易所,index_daily,3422.493,4854.5785,0.418433434341575,0.03557342253885665
000825.CSI,中证中央企业红利指数,央企红利,中证指数有限公司,index_daily,2438.8792,3454.7866,0.4165468301997082,0.03543560236338328
931018.CSI,中证5-10年期国债活跃券指数,中证5-10年国债活跃券,中证指数有限公司,index_daily,122.142,172.9344,0.41584712875178087,0.03538444578572264
932305.CSI,中证智选高股息策略指数,智选高股息,中证指数有限公司,index_daily,7795.4248,11024.0692,0.41417170748667864,0.03526185984354524
931152.CSI,中证创新药产业指数,CS创新药,中证指数有限公司、上海证券交易所,index_daily,1423.7998,2010.4909,0.41206010845064034,0.03510717366259963
000922.CSI,中证红利指数,中证红利,中证指数有限公司,index_daily,3960.5704,5579.3428,0.4087220366036166,0.03486221643502363
H30455.CSI,中证沪港深500指数,沪港深500,中证指数有限公司,index_daily,1856.0624,2607.1016,0.4046411370652194,0.03456203768717314
930846.CSI,沪深300行业中性低波动指数,300SNLV,中证指数有限公司,index_daily,4855.2096,6817.6359,0.4041898211768242,0.03452879205623849
931695.CSI,中证成渝地区双城经济圈成份指数,成渝经济圈,中证指数有限公司,index_daily,1612.1669,2260.0964,0.40189976608501254,0.03435994961228794
930916.CSI,中证10年期国债指数,中证10年国债,中证指数有限公司,index_daily,131.723,184.6524,0.40182352360635565,0.034354324096229405
000986.SH,中证全指能源指数,全指能源,中证指数有限公司,index_daily,1955.6228,2739.4817,0.4008231546492502,0.0342804868140818
399295.SZ,创业板低波价值指数,创价值,深圳证券信息有限公司、深圳证券交易所,index_daily,3613.8953,5062.308,0.40078989006682075,0.034278030738448706
399007.SZ,深证300指数,深证300,深圳证券信息有限公司、深圳证券交易所,index_daily,4246.401,5947.1378,0.40051252813853444,0.03425754980017248
930782.CSI,中证500行业中性低波动指数,500SNLV,中证指数有限公司,index_daily,13665.05,19132.6854,0.4001182139838493,0.03422842659973302
000300.SH,沪深300指数,沪深300,中证指数有限公司、上海证券交易所,index_daily,3314.1142,4618.8952,0.3937042966111428,0.0337536688330049
H30356.CSI,中证800价值指数,800价值,中证指数有限公司,index_daily,4512.728,6269.6495,0.38932581356554175,0.0334284431306513
399373.SZ,国证大盘价值指数,大盘价值,深圳证券信息有限公司,index_daily,5758.255,7993.7164,0.3882185488485661,0.03334605140986602
H11054.CSI,中证装备产业指数,装备产业,中证指数有限公司,index_daily,1945.2427,2699.8832,0.3879415663659862,0.033325431857094134
399348.SZ,深证300价值指数,深证价值,深圳证券信息有限公司、深圳证券交易所,index_daily,4657.94,6454.8832,0.3857806669901289,0.033164439616625074
000044.SH,上证中盘指数,上证中盘,中证指数有限公司、上海证券交易所,index_daily,3270.0664,4523.9678,0.3834482993984465,0.03299041883980025
399808.SZ,中证新能源指数,中证新能,中证指数有限公司,index_daily,1782.195,2463.8913,0.3825037664228661,0.03291987096254245
950047.CSI,上证1-5年期地方政府债指数,上证1-5年地债,中证指数有限公司,index_daily,114.974,158.86,0.3817036895298067,0.03286007867575225
931268.CSI,中证可持续发展100指数,持续发展,中证指数有限公司,index_daily,1606.9615,2220.0192,0.3815011747325623,0.0328449391600758
H30366.CSI,中证高股息策略指数,高息策略,中证指数有限公司、上海证券交易所,index_daily,3862.4618,5317.5075,0.37671458653649337,0.03248652263734808
399324.SZ,深证红利指数,深证红利,深圳证券信息有限公司、深圳证券交易所,index_daily,6099.551,8387.9651,0.37517746798083973,0.032371186302815325
H00140.CSI,上证5年期国债指数(全价),5年国债(全),中证指数有限公司,index_daily,149.1332,204.6691,0.37239125828454034,0.03216182943382084
000155.SH,上证市值百强指数,市值百强,中证指数有限公司,index_daily,2295.0144,3141.42,0.3688018689555934,0.03189155678074873
000056.SH,上证国有企业100指数,上证国企,中证指数有限公司、上海证券交易所,index_daily,914.0867,1251.0712,0.3686570431448135,0.031880638352699275
930931.CSI,中证港股通50指数,港股通50,中证指数有限公司,index_daily,2917.8771,3987.1814,0.3664665314382156,0.031715368592688975
000010.SH,上证180指数,上证180,中证指数有限公司、上海证券交易所,index_daily,7130.0869,9737.9437,0.3657538591850822,0.03166154747657757
930721.CSI,中证智能汽车主题指数,CS智汽车,中证指数有限公司,index_daily,3345.7319,4569.2682,0.3657006408672494,0.03165752740703853
000939.CSI,中证民企成长指数,民企成长,中证指数有限公司,index_daily,1950.3243,2659.1437,0.36343668588859823,0.031486379332727354
931588.CSI,中证智选1000价值稳健策略指数,1000价值稳健,中证指数有限公司,index_daily,24412.5997,33268.7672,0.36277035665316726,0.031435958162598254
931265.CSI,中证民企300指数,民企300,中证指数有限公司,index_daily,1708.5925,2327.0361,0.3619608537436514,0.03137467317235343
931587.CSI,中证智选500价值稳健策略指数,500价值稳健,中证指数有限公司,index_daily,15498.9109,21096.6565,0.3611702548725537,0.03131478769715956
000067.SH,上证新兴产业指数,上证新兴,中证指数有限公司,index_daily,6711.3782,9079.469,0.3528471693042121,0.030682432413969396
H30270.CSI,中证红利价值指数,红利价值,中证指数有限公司,index_daily,7010.8906,9480.4912,0.35225205197182796,0.030637083726513525
000063.SH,上证周期行业50指数,上证周期,中证指数有限公司,index_daily,2759.6277,3725.1033,0.3498571926930578,0.03045441067659782
H11014.CSI,中证短融指数,中证短融,中证指数有限公司,index_daily,147.8643,199.2804,0.3477249072291284,0.030291520379403192
000919.CSI,沪深300价值指数,300价值,中证指数有限公司,index_daily,3742.4238,5035.8114,0.3456015857958148,0.030129084219508773
930955.CSI,中证红利低波动100指数,红利低波100,中证指数有限公司,index_daily,8311.7304,11184.0244,0.345571121989231,0.030126752030454895
000906.SH,中证800指数,中证800,中证指数有限公司,index_daily,3846.7208,5172.2512,0.34458710910342116,0.030051394309517088
931161.CSI,中证0-4年期地方政府债指数,0-4年地债,中证指数有限公司、上海证券交易所,index_daily,113.74,152.6182,0.34181642342183927,0.029838942583765293
930740.CSI,沪深300红利低波动指数,300红利低波,中证指数有限公司,index_daily,5162.7495,6897.8863,0.33608773774516854,0.029398421164923194
931039.CSI,中证银行AH价格优选指数,银行AH,中证指数有限公司,index_daily,9456.9005,12629.6252,0.3354930825379838,0.029352596347512305
950049.CSI,上证G60战略新兴产业成份指数,G60成指,中证指数有限公司、上海证券交易所,index_daily,1133.3762,1513.2951,0.3352098800027741,0.029330765977091167
000046.SH,上证中小盘指数,上证中小,中证指数有限公司,index_daily,3914.5148,5222.2694,0.3340783383933048,0.029243500669397182
399001.SZ,深证成份指数,深证成指,深圳证券信息有限公司、深圳证券交易所,index_daily,10640.422,14094.1681,0.32458732369825194,0.02850891260872923
931233.CSI,中证港股通央企红利指数,港股通央企红利,中证指数有限公司,index_daily,899.2125,1189.7971,0.32315453799852656,0.028397606194262126
931487.CSI,中证沪港深人工智能50指数,SHS人工智能50,中证指数有限公司,index_daily,1534.0622,2021.6132,0.3178169698725384,0.027981998490983262
000859.CSI,中证国企一带一路指数,国企一带一路,中证指数有限公司,index_daily,1396.3749,1839.949,0.3176611811054466,0.02796984531858082
931141.CSI,中证长三角一体化发展主题指数,CS长三角,中证指数有限公司,index_daily,1787.4232,2355.1662,0.3176321086131142,0.02796757721334986
930839.CSI,中证港股通高股息精选指数,港股通高息精选,中证指数有限公司,index_daily,2589.6011,3407.2969,0.3157612962089027,0.027821530048660614
000860.SH,中证央企结构调整指数,结构调整,中证指数有限公司,index_daily,936.9781,1231.7991,0.31465089739023777,0.027734757054957315
H30015.CSI,中证800汽车与零部件指数,800汽车,中证指数有限公司,index_daily,5797.5258,7609.4706,0.3125376000914044,0.0275694293779718
932200.CSI,中证国债及政策性金融债0-3年指数,国债及政金债0-3,中证指数有限公司,index_daily,137.315,180.1222,0.31174452900265814,0.027507323936287076
931552.CSI,中证1-3年国债指数,1-3年国债,中证指数有限公司,index_daily,135.39,177.5872,0.31167146761208375,0.027501600794783254
000043.SH,上证超级大盘指数,超大盘,中证指数有限公司、上海证券交易所,index_daily,1932.5064,2532.8313,0.3106457499959636,0.02742122262268354
930840.CSI,中证港股通高股息精选人民币指数,港股通高息精选CNY,中证指数有限公司,index_daily,2821.9529,3695.2979,0.3094824864015271,0.027329997414231366
000015.SH,上证红利指数,红利指数,中证指数有限公司、上海证券交易所,index_daily,2524.0027,3300.4629,0.30763049500699813,0.02718461033964581
000901.SH,中证南方小康产业指数,小康指数,中证指数有限公司,index_daily,4527.7055,5890.0861,0.30089867814945137,0.026654576028098065
931028.CSI,中证港股通非银行金融主题人民币指数,港股通非银CNY,中证指数有限公司,index_daily,3317.7721,4292.6576,0.2938373916641228,0.026095941372323184
000016.SH,上证50指数,上证50,中证指数有限公司、上海证券交易所,index_daily,2229.893,2883.5477,0.2931327646662867,0.026040046237546965
H11057.CSI,中证石化产业指数,石化产业,中证指数有限公司,index_daily,1072.6999,1384.3439,0.29052300648112306,0.02583278589809379
000925.CSI,中证锐联基本面50指数,基本面50,中证指数有限公司,index_daily,3310.5315,4256.4914,0.28574260658749195,0.02545215847280602
H50069.CSI,上证港股通指数,港股通,中证指数有限公司、上海证券交易所,index_daily,2851.1661,3657.9732,0.2829744293045571,0.0252311665499505
000049.SH,上证民营企业50指数,上证民企,中证指数有限公司,index_daily,1556.6178,1989.2771,0.2779483184632734,0.024828817755213617
000061.SH,上证企债30指数,沪企债30,中证指数有限公司,index_daily,143.9398,183.8154,0.2770297026951547,0.024755127093511353
000001.SH,上证综合指数,上证指数,中证指数有限公司、上海证券交易所,index_daily,3067.352,3905.2026,0.27315110883915517,0.02444346232488903
H30022.CSI,中证800银行指数,800银行,中证指数有限公司,index_daily,5714.6802,7264.3303,0.2711700472757863,0.024283944100512267
980016.SZ,国证公共卫生与医疗健康指数,医疗健康,深圳证券信息有限公司,index_daily,4754.4318,6043.0944,0.27104450210012465,0.024273827466353648
399986.SZ,中证银行指数,中证银行,中证指数有限公司,index_daily,5754.3533,7306.3922,0.26971560818137474,0.02416668785964826
930957.CSI,中证港股通中国100指数,港股通中国100,中证指数有限公司,index_daily,2896.1428,3676.1173,0.2693149315703631,0.024134364249601692
H30463.CSI,中证沪港深500医药卫生指数,沪港深500医药,中证指数有限公司,index_daily,6406.5642,8114.3052,0.26656113115981883,0.023911959334614208
000042.SH,上证中央企业50指数,上证央企,中证指数有限公司、上海证券交易所,index_daily,1362.8591,1719.3328,0.2615631359103814,0.02350719266524104
000802.SH,中证500沪市指数,500沪市,中证指数有限公司,index_daily,6365.484,8023.9089,0.26053398296186114,0.023423666736387627
931127.CSI,中证浙江新动能指数,浙江新动能,中证指数有限公司,index_daily,3648.8064,4597.9137,0.26011445825133395,0.0233896005517793
931381.CSI,中证长三角领先指数,中证长三角,中证指数有限公司,index_daily,1654.1323,2079.0184,0.256863432265968,0.02312526463154052
H30352.CSI,中证500价值指数,500价值,中证指数有限公司,index_daily,8019.9189,10068.0526,0.25538084930010974,0.023004513734573795
931372.CSI,中证浙江国资创新发展指数,浙江国资,中证指数有限公司,index_daily,1838.0296,2303.7895,0.253401740646614,0.02284312248415965
399005.SZ,中小企业100指数,中小100,深圳证券信息有限公司、深圳证券交易所,index_daily,6872.163,8605.4918,0.2522246343691208,0.02274702367223802
000009.SH,上证380指数,上证380,中证指数有限公司、上海证券交易所,index_daily,5558.1731,6945.5603,0.2496120892672451,0.022533445010498587
000021.SH,上证180公司治理指数,180治理,中证指数有限公司、上海证券交易所,index_daily,825.8774,1030.3177,0.24754315834287288,0.022364022121419636
000905.SH,中证小盘500指数,中证500,中证指数有限公司,index_daily,6356.9538,7854.3336,0.2355498949827195,0.02137689392204667
000029.SH,上证180价值指数,180价值,中证指数有限公司、上海证券交易所,index_daily,3334.4817,4108.7065,0.23218744910191003,0.021098593740941363
930903.CSI,中证A股指数,中证A股,中证指数有限公司、上海证券交易所,index_daily,3309.0903,4068.1797,0.22939519057548852,0.02086696641000718
399802.SZ,中证500深市指数,500深市,中证指数有限公司,index_daily,5956.419,7292.2535,0.224268054346076,0.020440417406382583
000990.CSI,中证全指主要消费指数,全指消费,中证指数有限公司,index_daily,8543.2688,10449.6123,0.2231398244194307,0.02034633922373974
000038.SH,上证金融地产行业指数,上证金融,中证指数有限公司、上海证券交易所,index_daily,4336.2534,5295.7273,0.22126794988503207,0.02019007933380923
987022.CNI,国证港股通互联网指数,港股通互联网,深圳证券信息有限公司,index_daily,992.6717,1212.2257,0.22117483554734152,0.02018230073100913
931008.CSI,中证全指汽车指数,汽车指数,中证指数有限公司,index_daily,6936.3397,8432.6952,0.21572696331467145,0.01972626349725215
000806.CSI,中证消费服务领先指数,消费服务,中证指数有限公司、上海证券交易所,index_daily,6392.1444,7756.5222,0.21344602290273662,0.019534781280577507
H30590.CSI,中证机器人指数,机器人,中证指数有限公司,index_daily,1482.1602,1796.0681,0.2117908037201377,0.01939562467526601
930604.CSI,中证海外中国互联网30指数,中国互联网30,中证指数有限公司,index_daily,6266.765,7592.7179,0.21158490864106105,0.019378302824680338
CN5075.CNI,国证信息技术创新主题指数,国证信创,深圳证券信息有限公司,index_daily,8229.8098,9946.0771,0.20854276607947853,0.019122059651525802
H30252.CSI,中证500工业指数,500工业,中证指数有限公司,index_daily,5901.5161,7087.4457,0.20095337874279462,0.018480257261266564
399377.SZ,巨潮小盘价值指数,小盘价值,深圳证券信息有限公司,index_daily,6316.576,7528.4197,0.19185136061055874,0.0177057063856787
931066.CSI,中证军工龙头指数,军工龙头,中证指数有限公司,index_daily,2241.4378,2665.9322,0.1893848671598204,0.017494899465978264
000069.SH,上证消费80指数,消费80,中证指数有限公司、上海证券交易所,index_daily,3642.8211,4332.6175,0.1893577480376405,0.01749257945566174
000982.SH,中证500等权重指数,500等权,中证指数有限公司、上海证券交易所,index_daily,7741.2702,9180.3865,0.18590183042570985,0.017196539269729527
931151.CSI,中证光伏产业指数,光伏产业,中证指数有限公司、上海证券交易所,index_daily,2121.7057,2512.5222,0.18419920349933538,0.017050403549774273
931248.CSI,中证油气资源指数,油气资源,中证指数有限公司,index_daily,960.0319,1132.9781,0.18014630555505518,0.016701782841995527
931554.CSI,中证长江保护主题指数,长江保护,中证指数有限公司,index_daily,1657.4897,1955.6988,0.1799161104892535,0.016681949684177688
987024.CNI,国证港股通消费主题指数,港股通消费,深圳证券信息有限公司,index_daily,840.4857,989.9665,0.1778504976348796,0.01650382451607202
930838.CSI,中证高股息精选指数,CS高股息,中证指数有限公司,index_daily,5715.8441,6691.1209,0.17062690705647476,0.01587868990801633
930614.CSI,中证环保产业50指数,环保50,中证指数有限公司,index_daily,1750.3563,2048.1935,0.17015804153702874,0.015837994075979855
000018.SH,上证180金融股指数,180金融,中证指数有限公司、上海证券交易所,index_daily,4574.1547,5327.8387,0.16477011588611123,0.015369285306569669
399291.SZ,国证创业板中盘精选88指数,创精选88,深圳证券信息有限公司,index_daily,4285.6832,4948.6615,0.1546960587287458,0.014487659077192072
H30533.CSI,中证海外中国互联网50指数,中国互联网50,中证指数有限公司,index_daily,6291.4493,7180.5239,0.1413147523894056,0.013305834063665811
399439.SZ,国证石油天然气指数,国证油气,深圳证券信息有限公司,index_daily,1916.982,2177.5535,0.13592798471764467,0.012826556012487167
000813.CSI,中证细分化工产业主题指数,细分化工,中证指数有限公司,index_daily,3295.8176,3740.7534,0.13500012864789612,0.012743795231219712
000048.SH,上证社会责任指数,责任指数,中证指数有限公司、上海证券交易所,index_daily,1187.2269,1345.3822,0.13321404695260886,0.012584312840187906
931140.CSI,中证医药50指数,医药50,中证指数有限公司,index_daily,9172.2059,10384.4094,0.13216051985924127,0.01249013543655364
399634.SZ,中小企业100等权重指数,中小等权,深圳证券信息有限公司,index_daily,3925.722,4395.5888,0.11968926989735906,0.011369265293841302
399303.SZ,国证2000指数,国证2000,深圳证券信息有限公司,index_daily,8833.23,9887.5858,0.1193624302774865,0.011339739336634347
H30198.CSI,中证油气产业指数,油气产业,中证指数有限公司,index_daily,2271.633,2530.1088,0.11378413678617982,0.01083460880026732
930743.CSI,中证生物科技主题指数,中证生科,中证指数有限公司,index_daily,3056.1392,3390.6668,0.10946085178319098,0.01044155432932814
000984.CSI,沪深300等权重指数,300等权,中证指数有限公司,index_daily,4071.3286,4509.4749,0.10761752318395534,0.010273547513245829
399624.SZ,中小创业企业400指数,中创400,深圳证券信息有限公司、深圳证券交易所,index_daily,2397.758,2635.1608,0.09901032547905175,0.009485713960961206
931163.CSI,中证浙江100指数,浙江100,中证指数有限公司,index_daily,1996.8699,2187.2045,0.09531647504927587,0.009145904492180668
932000.CSI,中证2000指数,中证2000,中证指数有限公司,index_daily,2830.1123,3091.3694,0.09231333329069669,0.008868874612701694
000037.SH,上证医药卫生行业指数,上证医药,中证指数有限公司、上海证券交易所,index_daily,6038.1518,6592.2928,0.09177328069161828,0.008818983844309125
H01077.CSI,上证10年期国债指数(净价),10年国债(净),中证指数有限公司,index_daily,101.1401,109.9869,0.08747074602457383,0.008420714775172922
H00945.CSI,中证内地运输主题全收益指数,内地运收,中证指数有限公司,index_daily,2005.9879,2168.688,0.0811072190415505,0.007829059943685657
930709.CSI,中证香港证券投资主题指数,香港证券,中证指数有限公司,index_daily,1221.8858,1314.2019,0.0755521506183312,0.007310004405696624
931166.CSI,中证医药健康100策略指数,医药健康100,中证指数有限公司、上海证券交易所,index_daily,3778.8483,4048.8305,0.07144563067006415,0.006924745266729371
000914.SH,沪深300金融地产指数,300金融,中证指数有限公司,index_daily,5603.5844,6003.8041,0.07142208833331765,0.00692253277967958
000949.CSI,中证农业主题指数,中证农业,中证指数有限公司,index_daily,4635.8567,4965.9712,0.07120895259769355,0.006902500488861207
930796.CSI,中证全球中国互联网指数,全球中国互联网,中证指数有限公司,index_daily,1559.1446,1669.9529,0.07106993155092867,0.006889432187394462
932217.CSI,中证制药指数,制药指数,中证指数有限公司,index_daily,1856.5311,1987.3173,0.0704465440950599,0.006830813540739333
000051.SH,上证180等权重指数,180等权,中证指数有限公司,index_daily,8486.0412,9057.3742,0.06732621095452629,0.006536938407260218
H30199.CSI,中证全指电力公用事业指数,电力指数,中证指数有限公司,index_daily,2669.8735,2833.0429,0.061115030356307054,0.005949656382428836
H30035.CSI,沪深300非银行金融指数,300非银,中证指数有限公司,index_daily,8700.7789,9230.1261,0.060839058903105814,0.005923490898358308
931033.CSI,中证杭州湾区指数,杭州湾区,中证指数有限公司,index_daily,1453.748,1534.0623,0.05524637007239219,0.005391910889444684
000913.SH,沪深300医药卫生指数,300医药,中证指数有限公司,index_daily,7929.6689,8328.5783,0.05030593395898286,0.004920213432980658
931484.CSI,中证医药及医疗器械创新指数,CS医药创新,中证指数有限公司,index_daily,1343.5791,1399.5488,0.04165716778416706,0.004089627351043568
000140.CSI,上证5年期国债指数,5年国债,中证指数有限公司,index_daily,111.7432,116.3191,0.040950142827482994,0.004021453927421037
000050.SH,上证50等权重指数,50等权,中证指数有限公司,index_daily,2174.9274,2256.8732,0.03767748753360678,0.0037053509835540677
399019.SZ,创业板200指数,创业200,深圳证券信息有限公司、深圳证券交易所,index_daily,4248.3596,4404.9225,0.03685255363034701,0.0036255297540646048
980018.SZ,国证商用卫星通信产业指数,卫星通信,深圳证券信息有限公司,index_daily,4112.629,4263.8517,0.03677032380017753,0.003617570001060111
000135.SH,上证180高贝塔指数,180高贝,中证指数有限公司,index_daily,6550.0904,6740.1379,0.029014485051992445,0.002864247498667538
000814.SH,中证细分医药产业主题指数,细分医药,中证指数有限公司,index_daily,8503.5845,8724.0462,0.025925737552205064,0.002562814767212984
399602.SZ,中小300成长指数,中小成长,深圳证券信息有限公司,index_daily,1289.484,1318.536,0.022529942209442044,0.002230472996244126
931594.CSI,中证卫星产业指数,卫星产业,中证指数有限公司,index_daily,831.6943,848.2897,0.019953725786024945,0.0019776789715628684
399422.SZ,中关村A股综合指数,中关村A指,深圳证券信息有限公司,index_daily,3495.5106,3555.7458,0.017232160589071066,0.001709997465718871
931402.CSI,中证证券公司先锋策略指数,证券先锋,中证指数有限公司、上海证券交易所,index_daily,1776.5812,1798.3387,0.0122468367896722,0.0012179862430348187
000934.SH,中证金融地产指数,800金地,中证指数有限公司,index_daily,5547.3317,5615.1803,0.012230853258693664,0.0012164052934255931
000995.CSI,中证全指公用事业指数,全指公用,中证指数有限公司,index_daily,2532.3428,2548.1566,0.006244731163569162,0.0006227251754837848
399967.SZ,中证军工指数,中证军工,中证指数有限公司,index_daily,11155.699,11201.9267,0.004143864046529,0.00041361570413345206
000992.SH,中证全指金融地产指数,金融地产,中证指数有限公司,index_daily,5426.3319,5357.7495,-0.012638814076227134,-0.0012711277622728945
000988.CSI,中证全指工业指数,全指工业,中证指数有限公司,index_daily,3927.7274,3832.4105,-0.024267697396718635,-0.0024536858107229165
930986.CSI,中证金融科技主题指数,金融科技,中证指数有限公司,index_daily,2311.3399,2233.8126,-0.03354214583497639,-0.0034059453584480703
399438.SZ,国证绿色电力指数,绿色电力,深圳证券信息有限公司,index_daily,2064.493,1981.5085,-0.04019606750906879,-0.00409422096700951
399966.SZ,中证800证券保险指数,800证保,中证指数有限公司,index_daily,5813.344,5578.6053,-0.040379289441670685,-0.00411323396040153
980034.CNI,国证工业软件主题指数,工业软件,深圳证券信息有限公司,index_daily,3157.3035,3019.5308,-0.04363619145261133,-0.00445174999893494
000827.SH,中证环保产业指数,中证环保,中证指数有限公司、上海证券交易所,index_daily,1785.6173,1706.9579,-0.04405165653356957,-0.004495007220760239
930821.CSI,中证虚拟现实主题指数,中证VR,中证指数有限公司,index_daily,3522.8098,3311.6672,-0.05993585007058855,-0.006161654809180517
980076.SZ,国证通用航空产业指数,通用航空,深圳证券信息有限公司,index_daily,2838.6124,2653.4955,-0.06521386998802658,-0.006721063319492293
931521.CSI,中证智选航空航天科技指数,智选航空航天科技,中证指数有限公司,index_daily,2713.6699,2515.31,-0.07309654722558556,-0.007561851151245524
930910.CSI,中证全指农牧渔指数,农牧渔,中证指数有限公司,index_daily,9004.313,8335.088,-0.0743227162360971,-0.007693215632949113
399814.SZ,中证大农业指数,大农业,中证指数有限公司,index_daily,1179.767,1072.0991,-0.09126200342949087,-0.00952420064156878
399437.SZ,国证证券龙头指数,证券龙头,深圳证券信息有限公司,index_daily,6560.564,5896.0027,-0.10129636720257595,-0.010623365410356023
930651.CSI,中证计算机主题指数,CS计算机,中证指数有限公司,index_daily,8220.9124,7371.6713,-0.10330253610292695,-0.01084444533445672
930726.CSI,中证生物医药指数,CS生医,中证指数有限公司,index_daily,2915.2518,2591.2282,-0.11114772315722432,-0.011713281581213097
000991.SH,中证全指医药卫生指数,全指医药,中证指数有限公司,index_daily,9932.7337,8785.7728,-0.1154728330227961,-0.012195233122095694
931778.CSI,中证农牧主题指数,农牧主题,中证指数有限公司,index_daily,1572.2492,1387.6819,-0.11739061466846346,-0.012409612595898789
931412.CSI,中证证券公司30指数,证券公司30,中证指数有限公司,index_daily,1615.3525,1422.1057,-0.11963134981374024,-0.012660625189225505
H30192.CSI,中证全指食品指数,食品,中证指数有限公司,index_daily,5933.8749,5220.2627,-0.12026074226809191,-0.012731234696207516
399973.SZ,中证国防指数,中证国防,中证指数有限公司,index_daily,1735.2981,1520.1618,-0.12397656633174436,-0.013149029908257948
930608.CSI,中证基建指数,中证基建,中证指数有限公司,index_daily,8372.5625,7333.9306,-0.12405185389777629,-0.013157511471452166
000852.SH,中证1000指数,中证1000,中证指数有限公司,index_daily,8724.9417,7601.8044,-0.128727198257382,-0.013685504807620319
399994.SZ,中证信息安全主题指数,信息安全,中证指数有限公司,index_daily,1852.418,1603.7889,-0.13421868066494702,-0.014308932105724148
000933.SH,中证医药卫生指数,800医卫,中证指数有限公司,index_daily,9405.4391,8109.6753,-0.137767496681787,-0.014713711607745372
H30202.CSI,中证全指软件指数,软件指数,中证指数有限公司,index_daily,13333.2766,11496.0972,-0.13778904129237068,-0.014716173571079572
000945.CSI,中证内地运输主题指数,内地运输,中证指数有限公司,index_daily,1615.7372,1388.5165,-0.14062973854906602,-0.01504127398324151
H30178.CSI,中证全指医疗保健设备与服务指数,医疗保健,中证指数有限公司,index_daily,14251.9717,12185.8207,-0.1449729934560563,-0.015540207627163793
399441.SZ,国证生物医药指数,生物医药,深圳证券信息有限公司,index_daily,2686.693,2283.4256,-0.15009805735154713,-0.01613189423858885
930625.CSI,中证沪港深互联网指数,SHS互联网,中证指数有限公司,index_daily,2786.1936,2364.7648,-0.15125610797469358,-0.016266035394247425
931009.CSI,中证全指建筑材料指数,建筑材料,中证指数有限公司,index_daily,5943.6529,5023.9876,-0.15473065393842222,-0.016669495370045695
399975.SZ,中证全指证券公司指数,证券公司,中证指数有限公司,index_daily,882.8529,739.5515,-0.16231628168180678,-0.01755554129657322
930707.CSI,中证畜牧养殖指数,中证畜牧,中证指数有限公司,index_daily,2199.6845,1839.1827,-0.1638879575684603,-0.017740024944686184
980015.SZ,国证疫苗与生物科技指数,疫苗生科,深圳证券信息有限公司,index_daily,7296.8685,6086.5489,-0.1658683584608932,-0.01797292973933562
H30171.CSI,中证全指运输指数,运输指数,中证指数有限公司,index_daily,1821.37,1517.1788,-0.16701230392506738,-0.018107690159016365
931023.CSI,中证北京50指数,北京50,中证指数有限公司,index_daily,1969.6546,1625.1823,-0.1748896989350316,-0.019040221073644115
H30255.CSI,中证500医药卫生指数,500医药,中证指数有限公司,index_daily,12905.5138,10606.4497,-0.17814587901180667,-0.019428032051675537
CN5082.CNI,国证航天航空行业指数,国证航天,深圳证券信息有限公司,index_daily,6686.2224,5443.1343,-0.18591785101255387,-0.020359292747921143
000989.SH,中证全指可选消费指数,全指可选,中证指数有限公司,index_daily,5694.0672,4611.2915,-0.19015857417348359,-0.020870808172671618
399989.SZ,中证医疗指数,中证医疗,中证指数有限公司,index_daily,8730.6395,6893.3077,-0.21044641689763954,-0.023351784495217465
399433.SZ,国证交通运输行业指数,国证交运,深圳证券信息有限公司,index_daily,1995.207,1571.6992,-0.21226258729044156,-0.02357667085263615
950105.CSI,上证证券行业指数,上证证券,中证指数有限公司、上海证券交易所,index_daily,1563.2574,1218.4507,-0.220569370085822,-0.02461123951205535
930606.CSI,中证钢铁指数,中证钢铁,中证指数有限公司,index_daily,1185.5263,916.2823,-0.22710925940656068,-0.025432755687052833
950096.CSI,中证上海国企指数,上海国企,中证指数有限公司、上海证券交易所,index_daily,1712.3486,1316.8299,-0.23098024549440466,-0.025921966602545088
931241.CSI,中证家居家电指数,家居家电,中证指数有限公司,index_daily,1766.6335,1348.6688,-0.23658823406213003,-0.02663464370334967
399275.SZ,创业板医药卫生指数,创医药,深圳证券信息有限公司、深圳证券交易所,index_daily,3145.688,2376.1461,-0.24463389249029155,-0.0276653791827306
930641.CSI,中证中药指数,中证中药,中证指数有限公司,index_daily,11385.1181,8522.545,-0.2514311292036575,-0.028543907500469867
930701.CSI,中证京津冀协同发展主题指数,CS京津冀,中证指数有限公司,index_daily,2177.7931,1594.1233,-0.2680097572170652,-0.030717148685042495
930902.CSI,中证大数据产业指数,中证数据,中证指数有限公司、上海证券交易所,index_daily,4077.2565,2880.0155,-0.29363887211903394,-0.03416557868611503
930725.CSI,中证车联网主题指数,CS车联网,中证指数有限公司,index_daily,1673.2349,1179.9995,-0.2947795315529218,-0.03432165884008387
930662.CSI,中证现代农业主题指数,CS现代农,中证指数有限公司,index_daily,1266.3018,892.3874,-0.29528063531142423,-0.03439029834615359
950082.CSI,上证上海改革发展主题指数,上海改革,中证指数有限公司,index_daily,3071.843,2091.9529,-0.318990944524183,-0.037689357807898394
930716.CSI,中证现代物流指数,CS物流,中证指数有限公司,index_daily,1835.1683,1248.1499,-0.31987169787098013,-0.03781388654727691
H30217.CSI,中证全指医疗器械指数,医疗器械,中证指数有限公司,index_daily,13367.9858,8864.4093,-0.3368926753348287,-0.04024942161240619
931481.CSI,中证沪港深线上消费主题指数,SHS线上消费,中证指数有限公司,index_daily,1289.5497,845.3759,-0.34444100913675524,-0.04134756924024385
399995.SZ,中证基建工程指数,基建工程,中证指数有限公司,index_daily,5425.489,3550.3803,-0.34561100391135247,-0.0415188002313025
399812.SZ,中证养老产业指数,养老产业,中证指数有限公司、上海证券交易所,index_daily,8325.804,5404.0045,-0.3509330149977108,-0.042301180883606904
931456.CSI,中证全球中国教育主题指数,中国教育,中证指数有限公司、上海证券交易所,index_daily,1654.4135,1039.7165,-0.371549796952213,-0.04538756543448563
931523.CSI,中证沪港深动漫游戏指数,SHS动漫游戏,中证指数有限公司,index_daily,1360.4833,810.9353,-0.4039358660264335,-0.05042494124891339
931480.CSI,中证线上消费主题指数,线上消费,中证指数有限公司,index_daily,1247.5704,680.211,-0.45477145017227083,-0.05885214041953857
930633.CSI,中证旅游主题指数,中证旅游,中证指数有限公司,index_daily,4271.4135,2253.121,-0.47251161705604006,-0.061960147001221544
H30182.CSI,中证全指计算机指数,计算机,中证指数有限公司,index_daily,11110.3212,5840.6986,-0.4742997529180345,-0.06227861978232607
H30365.CSI,中证文娱传媒指数,文娱传媒,中证指数有限公司、上海证券交易所,index_daily,1498.0957,767.2411,-0.48785574913538576,-0.06472520583051622
399361.SZ,国证在线消费指数,在线消费,深圳证券信息有限公司,index_daily,6312.4833,3138.7672,-0.5027682370264648,-0.06748487128156289
399971.SZ,中证传媒指数,中证传媒,中证指数有限公司,index_daily,2405.7706,1191.7977,-0.5046087519732763,-0.06783062022801023
930601.CSI,中证软件服务指数,中证软件,中证指数有限公司,index_daily,10047.3921,4889.9119,-0.5133153109452153,-0.06948202185271268
H30020.CSI,中证800食品饮料指数,800食品,中证指数有限公司,index_daily,10209.2366,4722.1346,-0.537464476041235,-0.07420568555828366
931580.CSI,中证沪港深游戏及文化传媒指数,SHS游戏传媒,中证指数有限公司,index_daily,1297.3938,580.4571,-0.5525975998960377,-0.07728021907497606
930901.CSI,中证动漫游戏指数,动漫游戏,中证指数有限公司、上海证券交易所,index_daily,4018.8953,1571.7511,-0.6089096672909096,-0.08960951905920922
931775.CSI,中证全指房地产指数,房地产,中证指数有限公司,index_daily,6839.9663,2394.0873,-0.6499855123555214,-0.09965573596925037
000816.CSI,中证细分房地产产业主题指数,细分地产,中证指数有限公司,index_daily,6528.2864,2184.2545,-0.6654168695785161,-0.10370617572436969
930781.CSI,中证影视主题指数,中证影视,中证指数有限公司,index_daily,4150.0257,1262.6887,-0.6957395468659386,-0.11218076336977356
399965.SZ,中证800地产指数,800地产,中证指数有限公司,index_daily,7015.446,2064.7669,-0.70568273207434,-0.11512571515720327
000948.CSI,中证内地地产主题指数,内地地产,中证指数有限公司,index_daily,6892.7678,2020.2746,-0.7068993677692146,-0.11549218278953433
