start_date,end_date,peak_date,trading_days,max_drawdown
20150106,20150107,20150105,1,-0.0014277241
20150108,20150115,20150107,5,-0.02581334
20150116,20150119,20150115,1,-0.0174282866
20150122,20150123,20150121,1,-0.0080165983
20150128,20150202,20150127,3,-0.0106026129
20150204,20150211,20150203,5,-0.0304363797
20150302,20150303,20150227,1,-0.0010464067
20150305,20150306,20150304,1,-0.0063740085
20150311,20150312,20150310,1,-0.005225967
20150325,20150326,20150324,1,-0.0013805923
20150407,20150409,20150403,2,-0.0173186378
20150414,20150421,20150413,5,-0.0485920162
20150427,20150428,20150424,1,-0.0247760132
20150504,20150507,20150430,3,-0.0460880354
20150527,20150529,20150526,2,-0.0428611373
20150605,20150608,20150604,1,-0.0016405099
20150612,20151119,20150611,106,-0.5127186139
20151120,20151123,20151119,1,-0.0025668954
20151126,20151204,20151125,6,-0.0673936493
20151207,20151214,20151204,5,-0.029226691
20151222,20151223,20151221,1,-0.0058664009
20151225,20151229,20151224,2,-0.0226556259
20151230,20160503,20151229,81,-0.3311393695
20160505,20160616,20160504,28,-0.1341866182
20160620,20160621,20160617,1,-0.0119371805
20160622,20160624,20160621,2,-0.0115434841
20160708,20160711,20160707,1,-0.0048980118
20160714,20160718,20160713,2,-0.0041948238
20160721,20160725,20160720,2,-0.0084906639
20160726,20160812,20160725,13,-0.0690870372
20160819,20160822,20160818,1,-0.006576594
20160824,20160825,20160823,1,-0.0031596534
20160831,20160901,20160830,1,-0.0002850322
20160908,20160914,20160907,4,-0.0355378333
20160923,20160929,20160922,4,-0.0224541313
20161014,20161017,20161013,1,-0.0083768711
20161020,20161021,20161019,1,-0.0022478543
20161027,20161031,20161026,2,-0.010349432
20161108,20161109,20161107,1,-0.0025377262
20161122,20161206,20161121,10,-0.0252141248
20161207,20161219,20161206,8,-0.0596528585
20161222,20161223,20161221,1,-0.0107964464
20170105,20170106,20170104,1,-0.0058576851
20170110,20170203,20170109,13,-0.08257763
20170216,20170217,20170215,1,-0.0054350615
20170224,20170227,20170223,1,-0.0010342606
20170301,20170302,20170228,1,-0.0033517678
20170307,20170310,20170306,3,-0.0054788078
20170316,20170317,20170315,1,-0.0033572096
20170321,20170322,20170320,1,-0.0018344006
20170328,20170705,20170327,66,-0.1513615682
20170707,20170825,20170706,35,-0.1179149645
20170829,20170830,20170828,1,-0.0013731207
20170911,20170918,20170908,5,-0.0127346492
20170920,20170921,20170919,1,-0.0054791526
20170922,20170929,20170921,5,-0.0216878631
20171010,20171012,20171009,2,-0.0023759735
20171013,20171025,20171012,8,-0.0445540285
20171026,20171108,20171025,9,-0.039891544
20171113,20190305,20171110,317,-0.3390460531
20190307,20190311,20190306,2,-0.052452868
20190312,20190315,20190311,3,-0.0430317534
20190322,20190329,20190321,5,-0.032416761
20190404,20190408,20190403,1,-0.0003255219
20190410,20190415,20190409,3,-0.0154150658
20190417,20190418,20190416,1,-0.0059901919
20190419,20200703,20190418,292,-0.1741203037
20200709,20200710,20200708,1,-0.0077235925
20200714,20200731,20200713,13,-0.0517618212
20200803,20200804,20200731,1,-0.0021111025
20200805,20200807,20200804,2,-0.010749503
20200810,20200813,20200807,3,-0.0160181522
20200818,20200824,20200817,4,-0.0153640167
20200825,20200826,20200824,1,-0.01538148
20200828,20200831,20200827,1,-0.0001726397
20200902,20200903,20200901,1,-0.0055328508
20200904,20200907,20200903,1,-0.0014680557
20200908,20210602,20200907,175,-0.2354304727
20210603,20210604,20210602,1,-0.0029532651
20210609,20210610,20210608,1,-0.0004899077
20210611,20210618,20210610,4,-0.0116080664
20210623,20210702,20210622,7,-0.0141910362
20210707,20210708,20210706,1,-0.0037111342
20210713,20210809,20210712,19,-0.079650927
20210816,20210820,20210813,4,-0.0225975812
20210825,20210901,20210824,5,-0.0081665385
20210909,20211112,20210908,39,-0.096784458
20211115,20211116,20211112,1,-0.0061488673
20211117,20211118,20211116,1,-0.0122491455
20211119,20211122,20211118,1,-0.0016596525
20211125,20211129,20211124,2,-0.0108017567
20211201,20211209,20211130,6,-0.0200339949
20211210,20211213,20211209,1,-0.0026553334
20211217,20211220,20211216,1,-0.0008122379
20211222,20211230,20211221,6,-0.0340377589
20220104,20220105,20211231,1,-0.0032929836
20220106,20220110,20220105,2,-0.0179018776
20220113,20220114,20220112,1,-0.0161829844
20220117,20220301,20220114,26,-0.1134075334
20220303,20220726,20220302,97,-0.2522425129
20220728,20220729,20220727,1,-0.0020381136
20220801,20220805,20220729,4,-0.0448818196
20220811,20220812,20220810,1,-0.0001688401
20220818,20220822,20220817,2,-0.0098342961
20220823,20221108,20220822,49,-0.1351939584
20221109,20221110,20221108,1,-0.00083548
20221117,20221201,20221116,10,-0.0325240297
20221205,20230120,20221202,33,-0.0803326995
20230207,20230208,20230206,1,-0.0014190813
20230213,20230214,20230210,1,-0.0017884092
20230215,20230228,20230214,9,-0.0261064364
20230301,20230307,20230228,4,-0.015014943
20230309,20230628,20230308,73,-0.1218309236
20230704,20230710,20230703,4,-0.003991328
20230711,20230714,20230710,3,-0.0102233305
20230719,20230724,20230718,3,-0.0136092091
20230726,20230727,20230725,1,-0.0027582494
20230731,20230828,20230728,20,-0.0463736486
20230830,20230901,20230829,2,-0.0029138
20230904,20230905,20230901,1,-0.003962825
20230906,20230927,20230905,15,-0.0280544387
20230928,20231026,20230927,14,-0.0705120426
20231101,20231102,20231031,1,-0.0056106396
20231108,20231110,20231107,2,-0.0034525628
20231113,20231114,20231110,1,-0.0013109851
20231115,20231116,20231114,1,-0.0039960578
20231120,20231122,20231117,2,-0.0068565216
20231123,20231127,20231122,2,-0.0096986699
20231128,20231201,20231127,3,-0.0079445248
20231204,20231229,20231201,19,-0.0496591231
20240102,20240930,20231229,180,-0.4542848802
20241008,20241024,20240930,12,-0.1123049888
20241028,20241104,20241025,5,-0.0430054436
20241111,20241112,20241108,1,-0.0003699804
20241113,20241127,20241112,10,-0.0683256848
20241203,20241204,20241202,1,-0.0142803531
20241212,20250311,20241211,56,-0.1985071451
20250312,20250313,20250311,1,-0.0075544372
20250318,20250430,20250317,30,-0.1661135308
20250508,20250509,20250507,1,-0.0057586035
20250512,20250514,20250509,2,-0.0037260629
20250520,20250528,20250519,6,-0.0303469887
20250529,20250530,20250528,1,-0.0107420188
20250609,20250610,20250606,1,-0.0077737055
20250612,20250623,20250611,7,-0.0425160771
20250703,20250704,20250702,1,-0.0116388552
20250710,20250711,20250709,1,-0.0008865875
20250714,20250716,20250711,2,-0.0141986042
20250721,20250723,20250718,2,-0.0050274374
20250728,20250731,20250725,3,-0.0161204511
20250811,20250818,20250808,5,-0.0306600375
20250821,20250825,20250820,2,-0.0043624461
20250826,20251020,20250825,33,-0.0677299321
20251028,20251031,20251027,3,-0.0193238779
20251111,20251112,20251110,1,-0.0021064166
20251117,20260109,20251114,37,-0.092179831
20260115,20260116,20260114,1,-0.0008014221
20260123,20260203,20260122,7,-0.0266767159
20260210,20260213,20260209,3,-0.0103726453
20260225,20260226,20260224,1,-0.0016176729
20260227,20260506,20260226,44,-0.1468423005
20260511,20260903,20260508,83,-0.2921275648
